ID_POLIGONO,Estado,Municipio,area_ha,lat,lng,precip_acum_emergencia_macollamiento_mm,bas_n_obs_ciclo,bas_lai_espigado_llenado,bas_ndti_emergencia_macollamiento,bas_sti_encanado,bas_ndvi_emergencia_macollamiento,bas_ndwi_espigado_llenado,bas_ndti_encanado,bas_evi_emergencia_macollamiento,bas_evi_encanado,bas_ndvi_pico_ciclo,precip_acum_ciclo_mm,gdd_acumulado_ciclo
AGC_003,Hidalgo,Singuilucan,18.68,19.98137,-98.375,151.769882,46,0.7525,0.165,1.5,0.212,0.3065,0.197,0.15,0.195,0.741,1335.090225,3053.26385
AGC_011,Puebla,Chignahuapan,7.17,19.86427,-98.20904,113.443236,63,0.715,0.076,1.593,0.167,0.227,0.225,0.1285,0.3905,0.623,793.730323,3020.031524
AGC_016,Puebla,Chignahuapan,7.47,19.86255,-98.25326,138.286615,50,0.7885,0.0625,1.701,0.1445,0.2925,0.258,0.106,0.49,0.679,961.350809,3056.442833
AGC_025,Tlaxcala,Calpulalpan,2.0,19.59155,-98.5369,201.026266,55,0.526,0.0835,1.263,0.1405,0.184,0.116,0.1055,0.213,0.616,887.946089,2930.967393
AGC_027,Tlaxcala,Calpulalpan,8.46,19.5621,-98.53765,201.026266,50,1.365,0.0525,1.505,0.1285,0.318,0.197,0.101,0.4085,0.723,887.946089,2930.967393
AGC_028,Puebla,Chignahuapan,1.86,19.87676,-98.26009,138.286615,50,0.4385,0.1065,1.3955,0.173,0.161,0.163,0.1275,0.2795,0.519,961.350809,3056.442833
AGC_029,Tlaxcala,Calpulalpan,5.9,19.54692,-98.55662,219.280123,47,0.641,0.0665,1.234,0.1095,0.192,0.103,0.0845,0.1675,0.627,1360.919123,2829.287295
AGC_030,Hidalgo,Singuilucan,13.05,19.95829,-98.41029,147.671951,41,0.659,0.131,1.293,0.171,0.261,0.125,0.129,0.165,0.628,1274.556931,2980.583453
AGC_031,Puebla,Chignahuapan,1.98,19.86187,-98.26597,138.286615,75,0.7525,0.101,1.6515,0.1855,0.2605,0.245,0.1505,0.418,0.626,961.350809,3056.442833
AGC_036,Puebla,Chignahuapan,5.0,19.85609,-98.2516,138.286615,53,0.673,0.067,1.769,0.138,0.261,0.275,0.114,0.469,0.683,961.350809,3056.442833
AGC_039,Tlaxcala,Calpulalpan,7.71,19.57548,-98.59606,247.861553,52,0.805,0.072,1.475,0.122,0.283,0.186,0.098,0.3725,0.666,1074.463642,2912.3702
AGC_042,Hidalgo,Singuilucan,3.81,19.95079,-98.38853,144.872547,48,0.834,0.094,1.551,0.149,0.308,0.214,0.1025,0.256,0.668,1235.107853,3048.477473
AGC_043,Puebla,Chignahuapan,7.15,19.85159,-98.2605,133.889923,48,0.1385,0.056,1.705,0.146,-0.0095,0.2585,0.118,0.4245,0.723,935.809067,3036.427917
AGC_050,Tlaxcala,Calpulalpan,2.42,19.58106,-98.59011,247.861553,46,1.13,0.081,1.803,0.1405,0.373,0.286,0.1145,0.541,0.753,1074.463642,2912.3702
AGC_052,Hidalgo,Cuautepec de Hinojosa,6.23,19.92889,-98.27873,136.127037,50,0.8085,0.077,1.591,0.157,0.2945,0.2205,0.119,0.3085,0.714,1046.503624,3065.854983
AGC_061,Tlaxcala,Calpulalpan,7.23,19.53447,-98.61153,250.59396,47,0.914,0.087,1.37,0.142,0.32,0.152,0.115,0.2485,0.666,1459.138424,2799.945645
AGC_063,Puebla,Chignahuapan,12.54,19.85912,-98.27773,138.286615,49,0.2725,0.066,1.561,0.154,0.0275,0.2125,0.121,0.3275,0.649,961.350809,3056.442833
AGC_065,Hidalgo,Almoloya,60.88,19.76719,-98.34134,112.437517,50,0.857,0.07,2.022,0.182,0.368,0.333,0.118,0.673,0.775,757.672159,2925.804763
AGC_071,Tlaxcala,Calpulalpan,5.21,19.5593,-98.53351,201.026266,52,0.597,0.074,1.3715,0.127,0.146,0.1525,0.104,0.31,0.637,887.946089,2930.967393
AGC_075,Tlaxcala,Calpulalpan,3.9,19.56402,-98.54574,201.026266,53,0.522,0.056,1.51,0.136,0.1855,0.2015,0.105,0.388,0.605,887.946089,2930.967393
AGC_076,Puebla,Chignahuapan,1.01,19.88092,-98.26631,138.286615,49,0.4115,0.1015,1.669,0.159,0.1545,0.2495,0.123,0.347,0.67,961.350809,3056.442833
AGC_082,Hidalgo,Almoloya,2.77,19.80186,-98.26926,121.603547,77,0.661,0.11,1.856,0.162,0.262,0.298,0.128,0.419,0.636,865.790093,2961.776733
AGC_085,Puebla,Chignahuapan,5.5,19.85267,-98.25202,138.286615,53,0.49,0.043,1.4595,0.121,0.1765,0.184,0.103,0.3455,0.56,961.350809,3056.442833
AGC_086,Tlaxcala,Calpulalpan,4.73,19.58449,-98.53167,201.026266,52,0.4815,0.057,1.244,0.129,0.147,0.109,0.098,0.184,0.644,887.946089,2930.967393
AGC_087,Tlaxcala,Calpulalpan,5.66,19.54869,-98.53886,188.388514,52,0.575,0.044,1.5635,0.1175,0.231,0.218,0.095,0.3885,0.615,1059.803782,2877.687106
AGC_088,Puebla,Chignahuapan,5.91,19.89403,-98.23794,113.443236,71,0.842,0.0565,1.64,0.1195,0.369,0.239,0.0995,0.374,0.706,793.730323,3020.031524
AGC_091,Puebla,Chignahuapan,0.35,19.85972,-98.23914,113.443236,59,0.7735,0.106,1.3335,0.184,0.3055,0.1425,0.138,0.279,0.709,793.730323,3020.031524
AGC_093,Tlaxcala,Calpulalpan,3.71,19.56225,-98.54626,201.026266,53,0.544,0.056,1.49,0.138,0.198,0.194,0.107,0.391,0.586,887.946089,2930.967393
AGC_094,Puebla,Chignahuapan,3.63,19.871,-98.2051,113.443236,65,0.204,0.0795,1.419,0.145,-0.022,0.173,0.113,0.263,0.673,793.730323,3020.031524
AGC_095,Puebla,Chignahuapan,1.33,19.87605,-98.26137,138.286615,49,0.577,0.076,1.4495,0.147,0.175,0.183,0.112,0.3345,0.572,961.350809,3056.442833
AGC_107,Hidalgo,Almoloya,2.63,19.80487,-98.26565,129.493231,57,0.892,0.0965,2.011,0.1835,0.296,0.334,0.139,0.483,0.691,910.267347,3016.413045
AGC_113,Hidalgo,Singuilucan,10.58,19.95528,-98.38951,151.769882,48,0.798,0.055,1.3545,0.109,0.333,0.1495,0.07,0.205,0.676,1335.090225,3053.26385
AGC_116,Puebla,Chignahuapan,7.43,19.84809,-98.26215,129.493231,48,0.4885,0.064,1.573,0.146,0.2625,0.2215,0.116,0.339,0.688,910.267347,3016.413045
AGC_118,Hidalgo,Singuilucan,4.42,19.94755,-98.42315,140.683132,45,0.521,0.138,1.371,0.16,0.26,0.152,0.129,0.182,0.685,1231.627186,2950.542755
AGC_120,Tlaxcala,Nanacamilpa de Mariano Arista,7.47,19.53672,-98.5367,188.388514,48,1.5945,0.093,1.5275,0.22,0.424,0.204,0.171,0.327,0.798,1059.803782,2877.687106
AGC_126,Puebla,Chignahuapan,5.75,19.89589,-98.24371,113.443236,49,0.5995,0.062,1.326,0.123,0.292,0.139,0.098,0.166,0.704,793.730323,3020.031524
AGC_128,Hidalgo,Almoloya,6.15,19.80517,-98.26919,129.493231,59,0.723,0.085,2.017,0.159,0.283,0.3355,0.12,0.516,0.676,910.267347,3016.413045
AGC_129,Hidalgo,Singuilucan,8.16,19.97664,-98.37404,151.769882,46,1.004,0.082,1.521,0.1635,0.376,0.204,0.1085,0.262,0.744,1335.090225,3053.26385
AGC_130,Hidalgo,Cuautepec de Hinojosa,12.1,19.93283,-98.27346,136.127037,54,0.605,0.07,1.518,0.133,0.213,0.205,0.0995,0.38,0.65,1046.503624,3065.854983
AGC_136,Puebla,Chignahuapan,1.69,19.85982,-98.25407,138.286615,51,0.685,0.064,1.589,0.144,0.228,0.225,0.11,0.397,0.63,961.350809,3056.442833
AGC_142,Puebla,Chignahuapan,1.29,19.88003,-98.2487,113.443236,53,0.3305,0.111,1.512,0.153,0.1185,0.201,0.12,0.315,0.463,793.730323,3020.031524
AGC_143,Puebla,Chignahuapan,11.48,19.85208,-98.28553,133.889923,53,0.718,0.076,1.507,0.155,0.19,0.199,0.117,0.3745,0.629,935.809067,3036.427917
AGC_147,Tlaxcala,Calpulalpan,6.8,19.57101,-98.60315,250.910389,48,0.779,0.065,1.896,0.132,0.295,0.307,0.104,0.661,0.724,1162.800083,2893.888679
AGC_149,Hidalgo,Cuautepec de Hinojosa,8.99,19.93161,-98.27634,136.127037,52,0.784,0.0795,1.607,0.1485,0.254,0.229,0.1155,0.36,0.66,1046.503624,3065.854983
AGC_153,Puebla,Chignahuapan,1.99,19.86301,-98.26092,138.286615,48,0.535,0.0585,1.614,0.132,0.187,0.232,0.101,0.333,0.537,961.350809,3056.442833
AGC_154,Puebla,Chignahuapan,1.49,19.87712,-98.26308,138.286615,51,1.0,0.0725,1.572,0.1715,0.3585,0.2205,0.1225,0.4135,0.759,961.350809,3056.442833
AGC_156,Hidalgo,Singuilucan,8.2,19.97036,-98.43357,147.671951,42,1.2315,0.083,1.33,0.126,0.344,0.1405,0.087,0.179,0.794,1274.556931,2980.583453
AGC_158,Puebla,Chignahuapan,11.22,19.87028,-98.27808,138.286615,48,0.477,0.094,1.413,0.1435,0.139,0.1685,0.1075,0.2225,0.6,961.350809,3056.442833
AGC_173,Tlaxcala,Calpulalpan,3.6,19.59566,-98.56163,247.861553,53,1.09,0.083,1.481,0.1675,0.331,0.1895,0.125,0.4105,0.693,1074.463642,2912.3702
AGC_174,Hidalgo,Cuautepec de Hinojosa,6.89,19.89818,-98.30428,133.988929,58,0.483,0.0675,1.597,0.139,0.147,0.229,0.0985,0.3835,0.644,1051.677619,3067.358365
AGC_175,Puebla,Chignahuapan,1.41,19.853,-98.24161,113.443236,54,0.098,0.1,1.492,0.136,-0.04,0.196,0.111,0.329,0.719,793.730323,3020.031524
AGC_177,Puebla,Chignahuapan,5.66,19.85305,-98.25328,138.286615,53,0.715,0.051,1.6095,0.13,0.2485,0.229,0.107,0.4035,0.656,961.350809,3056.442833
AGC_182,Puebla,Chignahuapan,4.13,19.84815,-98.24406,121.607304,56,0.591,0.093,1.5405,0.16,0.197,0.21,0.125,0.343,0.56,892.27972,3008.434296
AGC_183,Tlaxcala,Calpulalpan,7.85,19.5746,-98.54983,224.44391,48,0.61,0.064,1.476,0.147,0.227,0.188,0.1085,0.392,0.569,981.204865,2921.668811
AGC_186,Puebla,Chignahuapan,11.7,19.8555,-98.27749,138.286615,77,0.4605,0.075,1.631,0.163,0.215,0.2305,0.125,0.384,0.648,961.350809,3056.442833
AGC_188,Puebla,Chignahuapan,2.34,19.85323,-98.23964,113.443236,57,0.2725,0.1025,1.5205,0.155,0.1355,0.2045,0.122,0.3205,0.592,793.730323,3020.031524
AGC_190,Puebla,Chignahuapan,5.01,19.8963,-98.23457,113.443236,73,0.762,0.0595,1.6915,0.114,0.25,0.2555,0.096,0.414,0.643,793.730323,3020.031524
AGC_191,Puebla,Chignahuapan,1.75,19.87888,-98.25096,125.864925,54,0.5185,0.1265,1.479,0.222,0.223,0.188,0.171,0.297,0.613,877.540546,3038.237214
AGC_192,Puebla,Chignahuapan,2.14,19.86606,-98.22749,113.443236,65,0.618,0.078,1.296,0.1875,0.242,0.126,0.1435,0.264,0.659,793.730323,3020.031524
