model,rmse,mae,r2,n_features
Ridge,0.8211900376133849,0.6911082508486438,0.06238909804262971,10
Lasso,0.7752191099508478,0.6419100434390922,0.1644272958771691,10
ElasticNet,0.7819666284810786,0.6536372143958408,0.14981831879367902,10
Random Forest,0.6424995453097019,0.4886189148042618,0.4260408897499076,10
XGBoost,0.765606800571134,0.6247039590365645,0.18502015354416157,10
LightGBM,0.816650146184612,0.6546478395250844,0.07272747333449836,10
Ridge,0.8293607421888296,0.6944401171014047,0.04363812961124047,15
Lasso,0.81675186602406,0.6755672547307036,0.07249646159163348,15
ElasticNet,0.8235240094770689,0.6849555493617571,0.057051801632788446,15
Random Forest,0.6462019826899539,0.4886485712472601,0.41940689123743724,15
XGBoost,0.760977234545246,0.6142607115317082,0.19484659572095397,15
LightGBM,0.8097698312139049,0.6552061036368931,0.08828628144271711,15
Ridge,0.8202431741641804,0.6776869841952757,0.06455005378835899,20
Lasso,0.819330725711887,0.6847849791983455,0.06663010793055568,20
ElasticNet,0.8278043473874057,0.6911633569784215,0.04722421685971079,20
Random Forest,0.6501638147507577,0.49107751268103533,0.41226589291804583,20
XGBoost,0.7923998410352489,0.6565269421840061,0.1269802597541747,20
LightGBM,0.8535944331315878,0.7042898923490847,-0.013067662085766596,20
Ridge,0.8134935520342976,0.6689262899408838,0.0798819840942433,25
Lasso,0.8128722246058359,0.6748343648219323,0.0812869767602078,25
ElasticNet,0.814349362772238,0.6583326422689357,0.07794500234242885,25
Random Forest,0.6462883464141063,0.48931644955454645,0.41925169043292343,25
XGBoost,0.7641090425221362,0.6268620283707328,0.18820572778707367,25
LightGBM,0.854874779481328,0.6955109548441462,-0.01610903678668585,25
Ridge,0.803318705598132,0.6602688434536155,0.10275496464993783,30
Lasso,0.813723549030469,0.6757400487129324,0.07936162521673829,30
ElasticNet,0.8262161003940663,0.6855922432166485,0.050876750465462806,30
Random Forest,0.647639109142235,0.48957240615798003,0.41682158956201476,30
XGBoost,0.7725938771560176,0.645635127675706,0.17007694675926377,30
LightGBM,0.8460782338523908,0.6877332359540035,0.004694624828897154,30
Ridge,0.7972287840652578,0.6556234813241562,0.11630734450433211,40
Lasso,0.7892405765900338,0.654934024503474,0.1339277674861814,40
ElasticNet,0.8097942351735242,0.6720194312333646,0.08823132814814161,40
Random Forest,0.6509457471604304,0.4908792895986092,0.4108513426442255,40
XGBoost,0.764039308715275,0.6301411083470221,0.1883538922994733,40
LightGBM,0.8483457876824197,0.6901674642538815,-0.0006475120281546065,40
Ridge,0.7685482136605217,0.6202122348241167,0.17874592160886982,50
Lasso,0.8262393141413004,0.7083098892632947,0.05082341571026083,50
ElasticNet,0.835490423043156,0.7145127922156899,0.02944923437613045,50
Random Forest,0.6859163907233508,0.5358289964688747,0.34584951727690894,50
XGBoost,0.7208263257152026,0.5828545611146567,0.27756865142172094,50
LightGBM,0.844301934119386,0.6872855190938886,0.008869427413751296,50
