ID_POLIGONO,Estado,rendimiento_t_ha,ic90_inferior,ic90_superior
AGC_174,Hidalgo,4.33,3.4,5.33
AGC_149,Hidalgo,4.41,3.47,5.35
AGC_052,Hidalgo,4.45,3.52,5.42
AGC_130,Hidalgo,4.31,3.26,5.28
AGC_107,Hidalgo,4.55,3.73,5.54
AGC_065,Hidalgo,4.46,3.41,5.37
AGC_082,Hidalgo,4.54,3.55,5.54
AGC_128,Hidalgo,4.43,3.38,5.48
AGC_003,Hidalgo,3.15,2.1,4.15
AGC_129,Hidalgo,3.12,2.07,4.18
AGC_113,Hidalgo,3.26,2.19,4.26
AGC_042,Hidalgo,3.16,2.36,4.2
AGC_030,Hidalgo,2.74,1.69,3.78
AGC_156,Hidalgo,3.12,2.06,4.12
AGC_118,Hidalgo,2.94,2.01,3.88
AGC_190,Puebla,4.33,3.54,5.33
AGC_091,Puebla,4.74,3.69,5.74
AGC_191,Puebla,4.78,3.98,5.83
AGC_085,Puebla,4.23,3.29,5.11
AGC_188,Puebla,4.48,3.4,5.48
AGC_126,Puebla,4.78,3.7,5.82
AGC_043,Puebla,4.35,3.3,5.35
AGC_153,Puebla,4.26,3.33,5.3
AGC_036,Puebla,4.38,3.3,5.37
AGC_177,Puebla,4.32,3.33,5.36
AGC_182,Puebla,4.5,3.35,5.55
AGC_186,Puebla,4.44,3.36,5.43
AGC_143,Puebla,4.42,3.48,5.46
AGC_136,Puebla,4.38,3.6,5.38
AGC_116,Puebla,4.33,3.39,5.37
AGC_142,Puebla,4.49,3.56,5.49
AGC_028,Puebla,4.55,3.62,5.59
AGC_031,Puebla,4.6,3.61,5.64
AGC_063,Puebla,4.36,3.31,5.34
AGC_088,Puebla,4.32,3.39,5.32
AGC_095,Puebla,4.35,3.42,5.32
AGC_192,Puebla,4.84,3.69,5.75
AGC_158,Puebla,4.5,3.57,5.55
AGC_011,Puebla,4.49,3.67,5.43
AGC_076,Puebla,4.49,3.42,5.46
AGC_094,Puebla,4.46,3.53,5.46
AGC_175,Puebla,4.4,3.35,5.4
AGC_154,Puebla,4.5,3.51,5.48
AGC_016,Puebla,4.36,3.37,5.4
AGC_025,Tlaxcala,2.96,2.03,4.01
AGC_050,Tlaxcala,2.98,1.93,4.02
AGC_039,Tlaxcala,3.12,2.31,4.12
AGC_120,Tlaxcala,3.15,2.21,4.15
AGC_029,Tlaxcala,3.14,2.15,4.14
AGC_147,Tlaxcala,3.09,2.09,4.13
AGC_075,Tlaxcala,3.12,2.19,4.12
AGC_093,Tlaxcala,3.09,2.1,4.13
AGC_087,Tlaxcala,2.7,1.77,3.7
AGC_086,Tlaxcala,3.19,2.25,4.09
AGC_183,Tlaxcala,2.77,1.72,3.75
AGC_173,Tlaxcala,3.0,2.01,3.97
AGC_027,Tlaxcala,3.26,2.44,4.26
AGC_061,Tlaxcala,3.02,1.97,4.02
AGC_071,Tlaxcala,3.14,2.2,4.08
