,shap_importance
precip_acum_emergencia_macollamiento_mm,0.6460966314580485
bas_n_obs_ciclo,0.045711375119324875
bas_lai_espigado_llenado,0.022601231457935085
bas_ndti_emergencia_macollamiento,0.015999225926032448
bas_sti_encanado,0.013308235985593265
bas_ndvi_emergencia_macollamiento,0.012729915797686167
bas_ndwi_espigado_llenado,0.011230259752506093
bas_ndti_encanado,0.010693775282708984
bas_evi_emergencia_macollamiento,0.010537278441996385
bas_evi_encanado,0.009281190805834252
pendiente_grados,0.008699039710403898
bas_sti_emergencia_macollamiento,0.007879002514840939
bas_dswi5_emergencia_macollamiento,0.007664433606854376
bas_crc_encanado,0.00743877934554077
bas_savi_espigado_llenado,0.007018528992830869
bas_srndi_emergencia_macollamiento,0.00642514914364542
bas_ndvi_pico_ciclo,0.0059188709433866836
bas_mcrc_encanado,0.005096955216060514
bas_dswi4_emergencia_macollamiento,0.004992619532855951
bas_mcrc_espigado_llenado,0.004959324752968749
bas_dswi5_encanado,0.0048130946543868776
bas_ndvi_espigado_llenado,0.004796884122529825
bas_dswi4_espigado_llenado,0.004607910175813487
bas_dswi2_encanado,0.004438947023289136
bas_crc_emergencia_macollamiento,0.004318394817840861
bas_msi_encanado,0.004108154712147761
bas_msi_espigado_llenado,0.004047385048147167
bas_endwi_encanado,0.0037132234434743513
bas_evi_espigado_llenado,0.0035717955788176024
bas_ndsvi_encanado,0.0035037268977950436
bas_dswi2_espigado_llenado,0.0033912274378645776
bas_dswi5_espigado_llenado,0.0030271325104215107
bas_crc_espigado_llenado,0.0026811925604397296
bas_emsi_encanado,0.002610952175534614
bas_dswi3_encanado,0.0025595761619221767
bas_emsi_emergencia_macollamiento,0.002503898963097153
bas_endwi_emergencia_macollamiento,0.0023715349940716325
bas_dswi2_emergencia_macollamiento,0.0023120621076964526
bas_msi_emergencia_macollamiento,0.002302578328620428
bas_srndi_encanado,0.0022727184725902985
bas_ndvi_encanado,0.0022650223617042722
bas_ndwi_encanado,0.00221554037730884
bas_dswi3_espigado_llenado,0.002155883306696178
bas_srndi_espigado_llenado,0.0021187732225054997
bas_sti_espigado_llenado,0.002007962823555917
bas_savi_emergencia_macollamiento,0.0019455168452889525
gdd_emergencia_macollamiento,0.0017493227256207247
bas_dswi4_encanado,0.0017343705860668676
bas_savi_encanado,0.001645304678990347
bas_emsi_espigado_llenado,0.001520522813675046
elevacion_m,0.0014425470919923506
bas_ndsvi_emergencia_macollamiento,0.001408531622173046
bas_ndti_espigado_llenado,0.0013794262274799505
bas_mcrc_emergencia_macollamiento,0.0012629924561904204
bas_lai_emergencia_macollamiento,0.00120546200796826
precip_acum_ciclo_mm,0.0011730178019271383
bas_ndwi_emergencia_macollamiento,0.001165615620433065
gdd_espigado_llenado,0.001070802493812921
gdd_encanado,0.0008395937155900245
bas_dswi3_emergencia_macollamiento,0.0008094277994847591
bas_endwi_espigado_llenado,0.0005899104397784809
precip_acum_espigado_llenado_mm,0.000545560360521808
gdd_acumulado_ciclo,0.0005426066791764759
bas_ndsvi_espigado_llenado,0.0005398036645913047
tmax_media_ciclo,0.0005140486812577192
bas_lai_encanado,0.0004587524059789327
tmin_media_ciclo,0.0002926695422834387
precip_acum_encanado_mm,0.00026832160230615343
