ID_POLIGONO,RENDIMIENTO_T_HA
AGC_003,3.15
AGC_011,4.49
AGC_016,4.36
AGC_025,2.96
AGC_027,3.26
AGC_028,4.55
AGC_029,3.14
AGC_030,2.74
AGC_031,4.6
AGC_036,4.38
AGC_039,3.12
AGC_042,3.16
AGC_043,4.35
AGC_050,2.98
AGC_052,4.45
AGC_061,3.02
AGC_063,4.36
AGC_065,4.46
AGC_071,3.14
AGC_075,3.12
AGC_076,4.49
AGC_082,4.54
AGC_085,4.23
AGC_086,3.19
AGC_087,2.7
AGC_088,4.32
AGC_091,4.74
AGC_093,3.09
AGC_094,4.46
AGC_095,4.35
AGC_107,4.55
AGC_113,3.26
AGC_116,4.33
AGC_118,2.94
AGC_120,3.15
AGC_126,4.78
AGC_128,4.43
AGC_129,3.12
AGC_130,4.31
AGC_136,4.38
AGC_142,4.49
AGC_143,4.42
AGC_147,3.09
AGC_149,4.41
AGC_153,4.26
AGC_154,4.5
AGC_156,3.12
AGC_158,4.5
AGC_173,3.0
AGC_174,4.33
AGC_175,4.4
AGC_177,4.32
AGC_182,4.5
AGC_183,2.77
AGC_186,4.44
AGC_188,4.48
AGC_190,4.33
AGC_191,4.78
AGC_192,4.84
