ID_POLIGONO,Cultivo,Municipio,Estado,CONJUNTO,area_ha_shp,area_ha,rendimiento_t_ha,bas_ndvi_emergencia_macollamiento,bas_evi_emergencia_macollamiento,bas_crc_emergencia_macollamiento,bas_mcrc_emergencia_macollamiento,bas_ndsvi_emergencia_macollamiento,bas_srndi_emergencia_macollamiento,bas_mra_emergencia_macollamiento,bas_lai_emergencia_macollamiento,bas_fapar_emergencia_macollamiento,bas_savi_emergencia_macollamiento,bas_vi6t_emergencia_macollamiento,bas_ndti_emergencia_macollamiento,bas_sti_emergencia_macollamiento,bas_ndwi_emergencia_macollamiento,bas_endwi_emergencia_macollamiento,bas_msi_emergencia_macollamiento,bas_emsi_emergencia_macollamiento,bas_dswi2_emergencia_macollamiento,bas_dswi3_emergencia_macollamiento,bas_dswi4_emergencia_macollamiento,bas_dswi5_emergencia_macollamiento,bas_nddi_emergencia_macollamiento,bas_enddi_emergencia_macollamiento,bas_ndvi_encanado,bas_evi_encanado,bas_crc_encanado,bas_mcrc_encanado,bas_ndsvi_encanado,bas_srndi_encanado,bas_mra_encanado,bas_lai_encanado,bas_fapar_encanado,bas_savi_encanado,bas_vi6t_encanado,bas_ndti_encanado,bas_sti_encanado,bas_ndwi_encanado,bas_endwi_encanado,bas_msi_encanado,bas_emsi_encanado,bas_dswi2_encanado,bas_dswi3_encanado,bas_dswi4_encanado,bas_dswi5_encanado,bas_nddi_encanado,bas_enddi_encanado,bas_ndvi_espigado_llenado,bas_evi_espigado_llenado,bas_crc_espigado_llenado,bas_mcrc_espigado_llenado,bas_ndsvi_espigado_llenado,bas_srndi_espigado_llenado,bas_mra_espigado_llenado,bas_lai_espigado_llenado,bas_fapar_espigado_llenado,bas_savi_espigado_llenado,bas_vi6t_espigado_llenado,bas_ndti_espigado_llenado,bas_sti_espigado_llenado,bas_ndwi_espigado_llenado,bas_endwi_espigado_llenado,bas_msi_espigado_llenado,bas_emsi_espigado_llenado,bas_dswi2_espigado_llenado,bas_dswi3_espigado_llenado,bas_dswi4_espigado_llenado,bas_dswi5_espigado_llenado,bas_nddi_espigado_llenado,bas_enddi_espigado_llenado,bas_ndvi_pico_ciclo,bas_n_obs_ciclo,pro_ndvi_emergencia_macollamiento,pro_evi_emergencia_macollamiento,pro_lai_emergencia_macollamiento,pro_msavi_emergencia_macollamiento,pro_ndvi_encanado,pro_evi_encanado,pro_lai_encanado,pro_msavi_encanado,pro_ndvi_espigado_llenado,pro_evi_espigado_llenado,pro_lai_espigado_llenado,pro_msavi_espigado_llenado,pro_ndvi_pico_ciclo,pro_n_obs_ciclo,precip_acum_ciclo_mm,precip_acum_emergencia_macollamiento_mm,precip_acum_encanado_mm,precip_acum_espigado_llenado_mm,tmax_media_ciclo,tmin_media_ciclo,gdd_acumulado_ciclo,gdd_emergencia_macollamiento,gdd_encanado,gdd_espigado_llenado,elevacion_m,pendiente_grados
AGC_174,CEBADA,Cuautepec de Hinojosa,Hidalgo,PREDICCION,6.89,6.89,,0.139,0.0985,0.433,0.43,0.3265,0.256,0.02,-0.026000000000000002,0.0645,0.086,-0.647,0.0675,1.1444999999999999,-0.1935,-0.1285,1.4845000000000002,1.2974999999999999,2.5145,1.981,0.786,0.711,0.13,0.172,0.5045,0.3835,0.3715,0.322,0.38449999999999995,0.1915,0.029,0.47250000000000003,0.442,0.2945,-0.62,0.229,1.597,0.1115,0.321,0.8125,0.526,1.9585,2.286,1.125,1.2335,0.0435,0.139,0.498,0.383,0.349,0.323,0.395,0.136,0.029,0.483,0.467,0.303,-0.6455,0.27,1.747,0.147,0.387,0.751,0.449,1.959,2.334,1.12,1.29,0.038,0.129,0.644,58,0.213,0.1225,0.75,0.1215,0.568,0.365,1.775,0.358,0.6,0.359,2.0010000000000003,0.366,0.73,79,1051.6776189804077,133.98892879486084,443.2602233886719,337.7765808105469,23.886838095528738,13.326098714556013,3067.358365058899,925.2577686309814,884.2021608352661,876.6353416442871,2546.5454545454545,2.5824357813054863
AGC_149,CEBADA,Cuautepec de Hinojosa,Hidalgo,PREDICCION,8.99,8.99,,0.1485,0.1155,0.4105,0.386,0.276,0.201,0.021,0.0015,0.093,0.1,-0.622,0.0795,1.174,-0.123,-0.051500000000000004,1.2845,1.118,2.2705,1.7774999999999999,0.781,0.7775000000000001,0.0975,0.138,0.43,0.36,0.367,0.334,0.326,0.179,0.028,0.393,0.401,0.263,-0.635,0.229,1.607,0.127,0.342,0.789,0.504,2.012,2.02,1.131,1.256,0.043,0.128,0.632,0.516,0.368,0.342,0.442,0.159,0.034,0.784,0.599,0.389,-0.64,0.285,1.805,0.254,0.498,0.603,0.341,2.045,2.607,1.318,1.606,0.036,0.129,0.66,52,0.208,0.1305,0.6935,0.132,0.558,0.367,1.813,0.34450000000000003,0.702,0.462,2.51,0.469,0.748,72,1046.5036239624023,136.12703704833984,427.3455810546875,315.43275451660156,23.714047023228236,13.484571865626744,3065.854983329773,936.5913391113281,879.7052049636841,870.3578567504883,2649.5,7.468832227918837
AGC_052,CEBADA,Cuautepec de Hinojosa,Hidalgo,PREDICCION,6.23,6.23,,0.157,0.119,0.418,0.3985,0.292,0.2225,0.021,0.01,0.0945,0.105,-0.624,0.077,1.169,-0.1325,-0.066,1.311,1.149,2.3305,1.843,0.7895000000000001,0.768,0.108,0.1475,0.4125,0.3085,0.346,0.325,0.28200000000000003,0.1785,0.0275,0.2895,0.352,0.21899999999999997,-0.637,0.22049999999999997,1.591,0.0965,0.3005,0.8555,0.575,1.9740000000000002,1.8335,1.182,1.2465,0.047,0.1275,0.665,0.528,0.357,0.329,0.454,0.161,0.033,0.8085,0.641,0.403,-0.644,0.299,1.8624999999999998,0.2945,0.5385,0.5485,0.304,1.985,2.6944999999999997,1.388,1.745,0.030000000000000002,0.12,0.714,50,0.216,0.134,0.728,0.135,0.583,0.402,1.871,0.35,0.737,0.487,2.649,0.493,0.79,74,1046.5036239624023,136.12703704833984,427.3455810546875,315.43275451660156,23.714047023228236,13.484571865626744,3065.854983329773,936.5913391113281,879.7052049636841,870.3578567504883,2630.818181818182,6.797589388760653
AGC_130,CEBADA,Cuautepec de Hinojosa,Hidalgo,PREDICCION,12.1,12.1,,0.133,0.0995,0.40800000000000003,0.3855,0.27,0.20350000000000001,0.021,-0.020499999999999997,0.083,0.0885,-0.624,0.07,1.1524999999999999,-0.1325,-0.07150000000000001,1.3085,1.1600000000000001,2.261,1.75,0.7705,0.761,0.1005,0.1365,0.421,0.38,0.307,0.308,0.279,0.152,0.026,0.339,0.408,0.256,-0.632,0.205,1.518,0.161,0.354,0.724,0.48,1.963,1.79,1.181,1.314,0.044,0.122,0.5805,0.4475,0.363,0.345,0.4245,0.1595,0.0315,0.605,0.5475000000000001,0.3415,-0.641,0.2825,1.7955,0.213,0.465,0.655,0.372,2.0585,2.501,1.251,1.4815,0.0375,0.132,0.65,54,0.1995,0.12,0.6595,0.1225,0.494,0.305,1.579,0.26,0.666,0.41,2.343,0.423,0.712,72,1046.5036239624023,136.12703704833984,427.3455810546875,315.43275451660156,23.714047023228236,13.484571865626744,3065.854983329773,936.5913391113281,879.7052049636841,870.3578567504883,2650.1875,6.017149925231934
AGC_107,CEBADA,Almoloya,Hidalgo,PREDICCION,2.63,2.63,,0.1835,0.139,0.4715,0.477,0.41,0.3255,0.021,0.025500000000000002,0.072,0.1125,-0.6375,0.0965,1.2165,-0.247,-0.1495,1.6715,1.3775,2.8360000000000003,2.404,0.849,0.6775,0.166,0.221,0.62,0.483,0.3375,0.28700000000000003,0.4255,0.16699999999999998,0.031,0.6375,0.5315,0.35450000000000004,-0.65,0.334,2.011,0.26,0.53,0.594,0.3145,1.8145,2.5004999999999997,1.5245,1.669,0.0345,0.132,0.651,0.562,0.335,0.274,0.443,0.119,0.033,0.892,0.603,0.424,-0.647,0.34,2.039,0.296,0.574,0.549,0.274,1.762,2.604,1.488,1.764,0.022,0.119,0.691,57,0.2585,0.1535,0.9385,0.1445,0.6675,0.37,2.1805,0.368,0.734,0.469,2.3185000000000002,0.4765,0.795,86,910.2673473358154,129.49323081970215,378.0478210449219,266.0243453979492,23.701606478009904,13.026136807032994,3016.4130449295044,914.6075534820557,867.9677867889404,859.6358299255371,2630.2,0.7750041961669922
AGC_065,CEBADA,Almoloya,Hidalgo,PREDICCION,60.88,60.88,,0.182,0.118,0.414,0.418,0.3405,0.2805,0.022,-0.0035,0.092,0.0975,-0.6575,0.07,1.154,-0.17099999999999999,-0.101,1.4295,1.2375,2.4445,2.0535,0.836,0.751,0.1395,0.176,0.74,0.673,0.344,0.328,0.517,0.228,0.037,1.215,0.714,0.476,-0.641,0.333,2.022,0.356,0.613,0.479,0.242,1.982,3.206,1.618,2.016,0.039,0.125,0.65,0.552,0.317,0.264,0.356,0.046,0.034,0.857,0.665,0.399,-0.651,0.333,2.005,0.368,0.621,0.467,0.237,1.723,2.164,1.452,2.062,0.009,0.099,0.775,50,0.268,0.137,0.928,0.135,0.771,0.543,2.619,0.557,0.763,0.518,2.732,0.546,0.848,79,757.6721591949463,112.4375171661377,327.6085968017578,219.5626449584961,23.45923968723842,12.405567577907018,2925.804762840271,890.0790309906006,841.8974876403809,832.1612119674683,2735.616666666667,1.9585267384847005
AGC_082,CEBADA,Almoloya,Hidalgo,PREDICCION,2.77,2.77,,0.162,0.128,0.392,0.38,0.294,0.193,0.021,0.012,0.09,0.106,-0.6285000000000001,0.11,1.248,-0.138,-0.031,1.324,1.067,2.235,1.844,0.824,0.78,0.091,0.148,0.562,0.419,0.347,0.279,0.381,0.149,0.029,0.525,0.458,0.321,-0.6395,0.298,1.856,0.222,0.477,0.644,0.359,1.785,2.242,1.323,1.499,0.033,0.124,0.611,0.475,0.282,0.262,0.412,0.099,0.031,0.661,0.535,0.364,-0.642,0.308,1.895,0.262,0.535,0.589,0.305,1.735,2.416,1.385,1.589,0.021,0.12,0.636,77,0.214,0.1365,0.732,0.131,0.654,0.365,1.98,0.3635,0.683,0.405,2.138,0.407,0.733,85,865.790093421936,121.60354709625244,367.3404846191406,251.00597381591797,23.497181756155832,12.71021570478167,2961.7767333984375,903.8895750045776,850.7350301742554,841.212272644043,2637.4,2.979183006286621
AGC_128,CEBADA,Almoloya,Hidalgo,PREDICCION,6.15,6.15,,0.159,0.12,0.445,0.442,0.354,0.283,0.021,0.0,0.068,0.099,-0.634,0.085,1.187,-0.208,-0.127,1.551,1.313,2.606,2.134,0.821,0.709,0.144,0.189,0.644,0.516,0.3445,0.28400000000000003,0.421,0.1615,0.032,0.739,0.546,0.384,-0.6295,0.3355,2.0170000000000003,0.2835,0.5589999999999999,0.569,0.291,1.803,2.4635,1.5285,1.7245,0.032,0.1275,0.635,0.494,0.308,0.266,0.41500000000000004,0.087,0.032,0.7230000000000001,0.569,0.379,-0.648,0.3335,2.006,0.283,0.5615000000000001,0.564,0.2845,1.7335,2.441,1.4655,1.7120000000000002,0.018500000000000003,0.1205,0.676,59,0.227,0.138,0.816,0.132,0.6915,0.4255,2.1635,0.432,0.715,0.437,2.257,0.441,0.787,88,910.2673473358154,129.49323081970215,378.0478210449219,266.0243453979492,23.701606478009904,13.026136807032994,3016.4130449295044,914.6075534820557,867.9677867889404,859.6358299255371,2630.090909090909,1.8010673522949219
AGC_003,CEBADA,Singuilucan,Hidalgo,PREDICCION,18.68,18.68,,0.212,0.15,0.482,0.473,0.388,0.246,0.023,0.053,0.106,0.127,-0.653,0.165,1.401,-0.184,-0.015,1.457,1.049,2.804,2.281,0.797,0.72,0.113,0.198,0.309,0.195,0.263,0.299,0.284,0.137,0.025,0.104,0.263,0.149,-0.6365000000000001,0.197,1.5,0.05,0.242,0.918,0.623,1.858,1.799,1.038,1.091,0.043,0.117,0.629,0.49250000000000005,0.315,0.31,0.423,0.1515,0.0325,0.7525,0.5695,0.38049999999999995,-0.652,0.338,2.037,0.3065,0.579,0.537,0.272,1.928,2.5135,1.4155,1.7945,0.0285,0.1205,0.741,46,0.298,0.164,1.0590000000000002,0.1675,0.296,0.153,0.918,0.149,0.74,0.4905,2.75,0.5045,0.829,65,1335.0902252197266,151.76988220214844,569.8233032226562,458.51222229003906,23.801090785435267,13.277612549918038,3053.263850212097,924.8079442977905,879.2540073394775,871.5366983413696,2643.2272727272725,2.4423165754838423
AGC_129,CEBADA,Singuilucan,Hidalgo,PREDICCION,8.16,8.16,,0.1635,0.1085,0.3655,0.3545,0.2465,0.1735,0.022,-0.008,0.1285,0.094,-0.654,0.082,1.1835,-0.086,-0.005,1.1949999999999998,1.0215,2.1105,1.6695,0.798,0.822,0.0805,0.12,0.431,0.262,0.293,0.288,0.267,0.148,0.028,0.212,0.337,0.196,-0.6475,0.204,1.521,0.111,0.306,0.807,0.538,1.82,1.749,1.104,1.209,0.04,0.113,0.68,0.577,0.278,0.281,0.466,0.161,0.036,1.004,0.652,0.432,-0.6545000000000001,0.335,2.019,0.376,0.627,0.46,0.233,1.817,2.828,1.522,2.107,0.028,0.107,0.744,46,0.238,0.121,0.77,0.124,0.435,0.238,1.416,0.224,0.7955000000000001,0.523,3.0295,0.5465,0.848,62,1335.0902252197266,151.76988220214844,569.8233032226562,458.51222229003906,23.801090785435267,13.277612549918038,3053.263850212097,924.8079442977905,879.2540073394775,871.5366983413696,2650.705882352941,1.7633126202751608
AGC_113,CEBADA,Singuilucan,Hidalgo,PREDICCION,10.58,10.58,,0.109,0.07,0.303,0.294,0.161,0.112,0.021,-0.064,0.099,0.064,-0.656,0.055,1.118,-0.045,0.0,1.096,1.001,1.836,1.39,0.772,0.84,0.053,0.079,0.2915,0.20500000000000002,0.299,0.2685,0.239,0.1205,0.024,0.148,0.267,0.17049999999999998,-0.63,0.14950000000000002,1.3544999999999998,0.058499999999999996,0.1995,0.8945000000000001,0.6785,1.7365,1.648,0.9664999999999999,1.063,0.0395,0.0985,0.628,0.532,0.29,0.267,0.391,0.11,0.033,0.798,0.616,0.398,-0.6495,0.289,1.817,0.333,0.568,0.504,0.278,1.735,2.313,1.31,1.801,0.019,0.102,0.676,48,0.1785,0.0885,0.5405,0.091,0.255,0.135,0.913,0.121,0.722,0.46,2.5585,0.466,0.763,72,1335.0902252197266,151.76988220214844,569.8233032226562,458.51222229003906,23.801090785435267,13.277612549918038,3053.263850212097,924.8079442977905,879.2540073394775,871.5366983413696,2712.0,3.481440650092231
AGC_042,CEBADA,Singuilucan,Hidalgo,PREDICCION,3.81,3.81,,0.149,0.10250000000000001,0.385,0.378,0.2695,0.1805,0.021,-0.017,0.097,0.091,-0.655,0.094,1.2085,-0.1245,-0.0305,1.2890000000000001,1.0655000000000001,2.2215,1.748,0.7855000000000001,0.78,0.086,0.1365,0.414,0.256,0.294,0.261,0.329,0.124,0.026,0.228,0.313,0.209,-0.641,0.214,1.551,0.1,0.306,0.821,0.534,1.718,1.994,1.112,1.188,0.032,0.123,0.6335,0.533,0.3145,0.2725,0.415,0.1245,0.0335,0.834,0.615,0.4015,-0.6485000000000001,0.3005,1.867,0.308,0.55,0.535,0.2945,1.7654999999999998,2.4539999999999997,1.3775,1.7795,0.027,0.1125,0.668,48,0.2285,0.124,0.761,0.124,0.456,0.231,1.4395,0.21600000000000003,0.7164999999999999,0.4555,2.5065,0.469,0.77,72,1235.107852935791,144.8725471496582,532.880859375,415.0624694824219,23.821136202130997,13.211982590811592,3048.477473258972,921.2063312530518,878.7166500091553,870.9040975570679,2691.5,3.984801483154297
AGC_030,CEBADA,Singuilucan,Hidalgo,PREDICCION,13.05,13.05,,0.171,0.129,0.431,0.416,0.307,0.185,0.022,0.025,0.094,0.112,-0.633,0.131,1.304,-0.143,-0.006,1.339,1.021,2.436,1.901,0.785,0.768,0.086,0.154,0.238,0.165,0.286,0.283,0.256,0.141,0.023,0.069,0.215,0.132,-0.6455,0.125,1.293,0.008,0.165,0.988,0.728,1.798,1.708,0.958,0.995,0.054,0.114,0.588,0.456,0.342,0.292,0.385,0.143,0.032,0.659,0.534,0.36,-0.6415,0.277,1.776,0.261,0.498,0.591,0.34,1.83,2.29,1.317,1.589,0.033,0.121,0.628,41,0.239,0.138,0.796,0.14,0.355,0.194,1.257,0.188,0.65,0.4175,2.2075,0.4215,0.744,64,1274.5569305419922,147.6719512939453,546.4975433349609,449.01202392578125,23.584245954241073,12.802263123648506,2980.5834531784058,906.2352561950684,858.1389856338501,849.2061424255371,2766.375,1.9804811477661133
AGC_156,CEBADA,Singuilucan,Hidalgo,PREDICCION,8.2,8.2,,0.126,0.087,0.3725,0.361,0.254,0.175,0.021,-0.041,0.0835,0.0775,-0.651,0.083,1.1825,-0.124,-0.049,1.287,1.1075,2.142,1.69,0.786,0.7815000000000001,0.086,0.1285,0.3045,0.179,0.3205,0.3155,0.304,0.178,0.024,0.096,0.23149999999999998,0.147,-0.638,0.1405,1.33,0.0015000000000000005,0.14100000000000001,1.003,0.7605,1.932,1.8935,1.004,1.0085,0.067,0.1315,0.7125,0.65,0.3155,0.279,0.4445,0.17149999999999999,0.036000000000000004,1.2315,0.6699999999999999,0.471,-0.63,0.345,2.068,0.344,0.611,0.494,0.2455,1.779,2.638,1.6655,1.9954999999999998,0.028499999999999998,0.1115,0.794,42,0.205,0.102,0.649,0.102,0.379,0.184,1.241,0.183,0.7895000000000001,0.6305000000000001,2.936,0.607,0.874,62,1274.5569305419922,147.6719512939453,546.4975433349609,449.01202392578125,23.584245954241073,12.802263123648506,2980.5834531784058,906.2352561950684,858.1389856338501,849.2061424255371,2752.7272727272725,1.3869046297940342
AGC_118,CEBADA,Singuilucan,Hidalgo,PREDICCION,4.42,4.42,,0.16,0.129,0.449,0.405,0.271,0.147,0.021,0.033,0.067,0.117,-0.602,0.138,1.32,-0.12,0.017,1.276,0.968,2.368,1.759,0.747,0.77,0.067,0.137,0.287,0.182,0.307,0.302,0.261,0.149,0.024,0.106,0.258,0.148,-0.614,0.152,1.371,0.016,0.164,0.989,0.734,1.871,1.729,0.942,1.011,0.05,0.12,0.59,0.407,0.271,0.237,0.353,0.089,0.031,0.521,0.527,0.318,-0.644,0.287,1.815,0.26,0.509,0.591,0.327,1.631,2.147,1.325,1.635,0.018,0.096,0.685,45,0.2085,0.141,0.707,0.144,0.322,0.171,0.948,0.178,0.709,0.482,2.455,0.474,0.789,73,1231.6271858215332,140.68313217163086,553.0031433105469,425.92552185058594,23.51395743233817,12.586449759347099,2950.542755126953,897.3385620117188,850.0477123260498,839.6423864364624,2780.5,7.591724395751953
AGC_190,CEBADA,Chignahuapan,Puebla,PREDICCION,5.01,5.01,,0.114,0.096,0.4125,0.374,0.251,0.199,0.021,-0.03,0.06,0.0835,-0.596,0.0595,1.1265,-0.133,-0.082,1.3090000000000002,1.181,2.202,1.6745,0.762,0.763,0.0985,0.128,0.4935,0.41400000000000003,0.3725,0.3315,0.365,0.152,0.0285,0.49949999999999994,0.443,0.30800000000000005,-0.623,0.2555,1.6915,0.1585,0.39949999999999997,0.732,0.4335,1.995,2.183,1.188,1.3325,0.052,0.1315,0.619,0.522,0.393,0.366,0.466,0.214,0.032,0.762,0.585,0.388,-0.6345000000000001,0.292,1.827,0.25,0.499,0.602,0.338,2.158,2.793,1.274,1.561,0.046,0.134,0.643,73,0.168,0.111,0.529,0.113,0.319,0.1915,1.013,0.17099999999999999,0.7,0.472,2.465,0.4805,0.745,74,793.7303228378296,113.44323635101318,319.7322998046875,225.84110260009766,23.513994216918945,13.248210770743233,3020.031523704529,929.2990636825562,864.6707010269165,853.7572431564331,2890.5,2.285353088378906
AGC_091,CEBADA,Chignahuapan,Puebla,PREDICCION,0.35,0.35,,0.184,0.138,0.402,0.383,0.283,0.184,0.021,0.034,0.111,0.117,-0.627,0.106,1.237,-0.103,-0.004,1.232,1.009,2.252,1.807,0.807,0.808,0.083,0.138,0.3185,0.279,0.3705,0.33,0.289,0.1655,0.0235,0.262,0.306,0.221,-0.613,0.14250000000000002,1.3335,0.0445,0.1865,0.9175,0.6895,2.0015,1.8465,0.938,1.047,0.056999999999999995,0.12,0.5945,0.5595,0.3335,0.3035,0.40549999999999997,0.142,0.03,0.7735000000000001,0.613,0.3945,-0.631,0.2695,1.7425,0.3055,0.5485,0.534,0.29400000000000004,1.8780000000000001,2.3895,1.373,1.721,0.029500000000000002,0.11699999999999999,0.709,59,0.231,0.146,0.8025,0.1455,0.356,0.2475,1.2894999999999999,0.237,0.6719999999999999,0.4635,2.4415,0.44399999999999995,0.812,88,793.7303228378296,113.44323635101318,319.7322998046875,225.84110260009766,23.513994216918945,13.248210770743233,3020.031523704529,929.2990636825562,864.6707010269165,853.7572431564331,2636.0,2.345381021499634
AGC_191,CEBADA,Chignahuapan,Puebla,PREDICCION,1.75,1.75,,0.222,0.17099999999999999,0.3955,0.3715,0.2825,0.158,0.023,0.0885,0.168,0.143,-0.634,0.1265,1.2955,-0.066,0.0615,1.147,0.8965000000000001,2.205,1.8225,0.826,0.86,0.068,0.132,0.384,0.297,0.34,0.321,0.296,0.142,0.025,0.247,0.358,0.214,-0.6165,0.188,1.479,0.076,0.266,0.869,0.601,1.955,1.872,1.01,1.112,0.047,0.12,0.5265,0.41800000000000004,0.35650000000000004,0.3265,0.3545,0.134,0.029,0.5185,0.5045,0.3175,-0.648,0.2825,1.7915,0.223,0.476,0.6405000000000001,0.359,1.984,2.1675,1.1885,1.4725000000000001,0.0315,0.124,0.613,54,0.251,0.156,0.865,0.156,0.4235,0.271,1.454,0.2595,0.599,0.405,2.188,0.407,0.717,85,877.5405464172363,125.86492538452148,354.53094482421875,254.87964630126953,23.647360392979213,13.288232122148786,3038.23721408844,928.4119319915771,871.8262481689453,862.2174310684204,2711.5,8.314425468444824
AGC_085,CEBADA,Chignahuapan,Puebla,PREDICCION,5.5,5.5,,0.121,0.103,0.405,0.375,0.264,0.223,0.02,-0.021,0.056,0.089,-0.605,0.043,1.091,-0.152,-0.107,1.362,1.242,2.206,1.726,0.782,0.754,0.112,0.137,0.4395,0.34550000000000003,0.3595,0.329,0.3625,0.1905,0.027,0.3745,0.378,0.262,-0.606,0.184,1.4595,0.076,0.241,0.867,0.622,1.9849999999999999,2.1799999999999997,1.062,1.1404999999999998,0.0655,0.137,0.503,0.3865,0.346,0.3235,0.38,0.1555,0.0285,0.49,0.46399999999999997,0.3035,-0.645,0.252,1.6875,0.1765,0.4065,0.708,0.4295,1.959,2.277,1.1989999999999998,1.3900000000000001,0.0395,0.128,0.56,53,0.176,0.124,0.592,0.121,0.507,0.3235,1.6475,0.313,0.591,0.36,2.0205,0.3655,0.686,89,961.35080909729,138.2866153717041,389.3296203613281,283.91819763183594,23.78072602408273,13.32825333731515,3056.4428329467773,927.5247859954834,878.9817667007446,870.677604675293,2614.7,0.7912083625793457
AGC_188,CEBADA,Chignahuapan,Puebla,PREDICCION,2.34,2.34,,0.155,0.122,0.3995,0.379,0.288,0.1885,0.021,0.0035,0.091,0.1015,-0.61,0.10250000000000001,1.229,-0.14,-0.035500000000000004,1.33,1.077,2.2350000000000003,1.8275000000000001,0.816,0.7725,0.0905,0.1455,0.389,0.3205,0.3765,0.347,0.3385,0.173,0.025500000000000002,0.34850000000000003,0.34299999999999997,0.2535,-0.6114999999999999,0.20450000000000002,1.5205000000000002,0.0605,0.261,0.892,0.592,2.0755,2.061,1.0314999999999999,1.1025,0.055999999999999994,0.138,0.39949999999999997,0.2725,0.3765,0.3485,0.335,0.14450000000000002,0.026000000000000002,0.2725,0.353,0.2215,-0.617,0.238,1.639,0.1355,0.3555,0.776,0.49049999999999994,2.08,2.05,1.131,1.2774999999999999,0.0475,0.136,0.592,57,0.213,0.138,0.721,0.135,0.484,0.32,1.532,0.3,0.524,0.323,1.784,0.312,0.687,85,793.7303228378296,113.44323635101318,319.7322998046875,225.84110260009766,23.513994216918945,13.248210770743233,3020.031523704529,929.2990636825562,864.6707010269165,853.7572431564331,2658.75,3.42110276222229
AGC_126,CEBADA,Chignahuapan,Puebla,PREDICCION,5.75,5.75,,0.123,0.098,0.431,0.384,0.256,0.197,0.021,-0.021,0.061,0.088,-0.595,0.062,1.133,-0.13,-0.075,1.301,1.164,2.252,1.694,0.755,0.759,0.097,0.131,0.241,0.166,0.382,0.336,0.269,0.158,0.023,0.078,0.208,0.139,-0.598,0.139,1.326,-0.029,0.112,1.063,0.803,2.016,1.743,0.889,0.929,0.064,0.126,0.5994999999999999,0.443,0.358,0.3235,0.3495,0.1805,0.031,0.5995,0.508,0.3435,-0.6205,0.27249999999999996,1.7565,0.29200000000000004,0.49850000000000005,0.552,0.33899999999999997,1.9585,2.0915,1.3264999999999998,1.6735,0.036500000000000005,0.118,0.704,49,0.17,0.114,0.555,0.118,0.3245,0.193,1.0025,0.193,0.6425000000000001,0.4365,2.062,0.44,0.777,72,793.7303228378296,113.44323635101318,319.7322998046875,225.84110260009766,23.513994216918945,13.248210770743233,3020.031523704529,929.2990636825562,864.6707010269165,853.7572431564331,2891.6363636363635,2.9174537658691406
AGC_043,CEBADA,Chignahuapan,Puebla,PREDICCION,7.15,7.15,,0.146,0.118,0.422,0.426,0.34,0.293,0.02,-0.014,0.058,0.092,-0.621,0.056,1.118,-0.207,-0.152,1.522,1.359,2.487,2.033,0.821,0.715,0.15,0.181,0.483,0.4245,0.347,0.306,0.40349999999999997,0.177,0.0275,0.48,0.4275,0.302,-0.636,0.2585,1.705,0.1275,0.371,0.78,0.466,1.887,2.363,1.252,1.299,0.051500000000000004,0.142,0.3065,0.223,0.3795,0.3765,0.3655,0.235,0.025,0.1385,0.269,0.16499999999999998,-0.643,0.20700000000000002,1.5285,-0.009499999999999998,0.20099999999999998,1.0415,0.6845,2.2110000000000003,2.1605,1.034,1.025,0.069,0.1635,0.723,48,0.216,0.146,0.804,0.135,0.6715,0.4135,2.085,0.416,0.517,0.282,1.766,0.263,0.842,85,935.8090667724609,133.88992309570312,383.688720703125,274.9712677001953,23.741165978567942,13.177195140293666,3036.4279174804688,921.0661697387695,873.4747695922852,865.1567029953003,2605.4166666666665,0.6634714603424072
AGC_153,CEBADA,Chignahuapan,Puebla,PREDICCION,1.99,1.99,,0.132,0.101,0.4065,0.3895,0.272,0.2165,0.021,-0.0225,0.073,0.0875,-0.6154999999999999,0.058499999999999996,1.1255,-0.147,-0.089,1.3479999999999999,1.2,2.2779999999999996,1.7515,0.7795000000000001,0.7535000000000001,0.108,0.1395,0.388,0.333,0.181,0.13,0.184,-0.033,0.027,0.395,0.396,0.256,-0.601,0.232,1.614,0.236,0.441,0.628,0.394,1.401,1.587,1.12,1.372,-0.021,0.056,0.486,0.387,0.27,0.233,0.282,0.058,0.029,0.535,0.474,0.301,-0.6325000000000001,0.273,1.763,0.187,0.429,0.701,0.41,1.74,1.971,1.171,1.377,0.012,0.089,0.537,48,0.192,0.121,0.648,0.122,0.417,0.296,1.19,0.278,0.546,0.322,1.758,0.331,0.641,86,961.35080909729,138.2866153717041,389.3296203613281,283.91819763183594,23.78072602408273,13.32825333731515,3056.4428329467773,927.5247859954834,878.9817667007446,870.677604675293,2606.285714285714,0.3173297473362514
AGC_036,CEBADA,Chignahuapan,Puebla,PREDICCION,5.0,5.0,,0.138,0.114,0.419,0.407,0.308,0.248,0.021,-0.012,0.062,0.094,-0.62,0.067,1.144,-0.177,-0.114,1.431,1.261,2.376,1.896,0.798,0.733,0.125,0.161,0.512,0.469,0.388,0.329,0.373,0.191,0.028,0.578,0.496,0.336,-0.6005,0.275,1.769,0.223,0.442,0.652,0.4,1.995,2.201,1.288,1.53,0.046,0.13,0.576,0.486,0.307,0.255,0.379,0.093,0.03,0.673,0.561,0.367,-0.644,0.307,1.888,0.261,0.515,0.589,0.322,1.695,2.232,1.272,1.582,0.021,0.111,0.683,53,0.2,0.136,0.711,0.13,0.6375,0.458,2.0694999999999997,0.447,0.667,0.416,2.212,0.418,0.765,89,961.35080909729,138.2866153717041,389.3296203613281,283.91819763183594,23.78072602408273,13.32825333731515,3056.4428329467773,927.5247859954834,878.9817667007446,870.677604675293,2613.7272727272725,0.7232627001675692
AGC_177,CEBADA,Chignahuapan,Puebla,PREDICCION,5.66,5.66,,0.13,0.107,0.426,0.405,0.302,0.258,0.02,-0.017,0.054,0.091,-0.617,0.051,1.106,-0.187,-0.133,1.463,1.31,2.37,1.872,0.79,0.726,0.132,0.16,0.515,0.40349999999999997,0.378,0.348,0.3845,0.2155,0.0285,0.481,0.4335,0.294,-0.61,0.22899999999999998,1.6095000000000002,0.122,0.3415,0.795,0.5085,2.0789999999999997,2.333,1.2309999999999999,1.283,0.0655,0.152,0.5814999999999999,0.493,0.35,0.325,0.4415,0.16349999999999998,0.031,0.715,0.555,0.377,-0.648,0.306,1.8895,0.2485,0.5105,0.608,0.329,1.966,2.6029999999999998,1.3025,1.587,0.0325,0.1275,0.656,53,0.194,0.132,0.68,0.128,0.607,0.379,1.935,0.371,0.6915,0.4365,2.417,0.4445,0.769,87,961.35080909729,138.2866153717041,389.3296203613281,283.91819763183594,23.78072602408273,13.32825333731515,3056.4428329467773,927.5247859954834,878.9817667007446,870.677604675293,2612.777777777778,0.7683102289835612
AGC_182,CEBADA,Chignahuapan,Puebla,PREDICCION,4.13,4.13,,0.16,0.125,0.3855,0.364,0.271,0.181,0.022,0.0095,0.1025,0.104,-0.623,0.093,1.209,-0.118,-0.0215,1.274,1.0514999999999999,2.166,1.77,0.821,0.798,0.085,0.135,0.4435,0.34299999999999997,0.3645,0.3385,0.3595,0.173,0.027,0.3675,0.39249999999999996,0.2645,-0.619,0.21,1.5405,0.10250000000000001,0.305,0.8185,0.538,2.0389999999999997,2.159,1.097,1.1905000000000001,0.055,0.1305,0.544,0.43,0.357,0.318,0.371,0.144,0.03,0.591,0.515,0.338,-0.63,0.244,1.654,0.197,0.426,0.676,0.409,1.947,2.231,1.182,1.404,0.039,0.124,0.56,56,0.21,0.1335,0.715,0.1315,0.4985,0.303,1.7269999999999999,0.29200000000000004,0.593,0.391,2.165,0.386,0.672,80,892.2797203063965,121.60730361938477,382.37249755859375,261.29998779296875,23.575023106166295,13.076732090541295,3008.434295654297,919.8317956924438,863.1871032714844,853.5134553909302,2643.3636363636365,3.602134011008523
AGC_186,CEBADA,Chignahuapan,Puebla,PREDICCION,11.7,11.7,,0.163,0.125,0.427,0.438,0.355,0.282,0.021,0.006,0.068,0.103,-0.629,0.075,1.164,-0.206,-0.131,1.524,1.306,2.562,2.106,0.818,0.716,0.145,0.188,0.49650000000000005,0.384,0.3255,0.298,0.3655,0.153,0.029,0.48650000000000004,0.4135,0.292,-0.642,0.2305,1.631,0.1225,0.3285,0.8355,0.541,1.8635,2.1835,1.234,1.3425,0.036500000000000005,0.13,0.518,0.39949999999999997,0.313,0.3005,0.4075,0.14200000000000002,0.0295,0.4605,0.48,0.2885,-0.6545000000000001,0.296,1.8505,0.215,0.4815,0.6665000000000001,0.362,1.8725,2.4015,1.3225,1.534,0.038,0.1285,0.648,77,0.2315,0.1505,0.8505,0.145,0.52,0.334,1.709,0.33,0.6525000000000001,0.386,2.1630000000000003,0.3745,0.753,88,961.35080909729,138.2866153717041,389.3296203613281,283.91819763183594,23.78072602408273,13.32825333731515,3056.4428329467773,927.5247859954834,878.9817667007446,870.677604675293,2602.15,0.9001724243164062
AGC_143,CEBADA,Chignahuapan,Puebla,PREDICCION,11.48,11.48,,0.155,0.117,0.441,0.439,0.35,0.277,0.021,-0.003,0.062,0.098,-0.637,0.076,1.166,-0.207,-0.136,1.528,1.324,2.571,2.092,0.812,0.706,0.14,0.187,0.43700000000000006,0.3745,0.367,0.356,0.373,0.21250000000000002,0.028,0.376,0.3965,0.2645,-0.619,0.199,1.5070000000000001,0.064,0.2435,0.9315,0.6595,2.114,2.203,1.129,1.1840000000000002,0.07899999999999999,0.1575,0.575,0.49,0.394,0.348,0.447,0.222,0.031,0.718,0.53,0.374,-0.635,0.284,1.807,0.19,0.444,0.687,0.392,2.075,2.655,1.332,1.45,0.053,0.147,0.629,53,0.229,0.14,0.81,0.135,0.456,0.2875,1.5405,0.2675,0.658,0.4225,2.2095000000000002,0.431,0.751,84,935.8090667724609,133.88992309570312,383.688720703125,274.9712677001953,23.741165978567942,13.177195140293666,3036.4279174804688,921.0661697387695,873.4747695922852,865.1567029953003,2616.764705882353,2.317303601433249
AGC_136,CEBADA,Chignahuapan,Puebla,PREDICCION,1.69,1.69,,0.144,0.11,0.431,0.418,0.315,0.253,0.02,-0.01,0.065,0.094,-0.615,0.064,1.137,-0.187,-0.12,1.461,1.275,2.437,1.92,0.797,0.722,0.128,0.164,0.435,0.397,0.366,0.334,0.359,0.2,0.028,0.477,0.418,0.288,-0.603,0.225,1.589,0.087,0.297,0.865,0.564,2.009,2.133,1.149,1.205,0.049,0.142,0.575,0.469,0.369,0.343,0.431,0.186,0.03,0.685,0.557,0.371,-0.648,0.288,1.812,0.228,0.5,0.63,0.335,2.053,2.548,1.237,1.488,0.041,0.131,0.63,51,0.2065,0.134,0.738,0.132,0.555,0.3975,1.8855,0.3725,0.6605000000000001,0.415,2.2525,0.4145,0.756,89,961.35080909729,138.2866153717041,389.3296203613281,283.91819763183594,23.78072602408273,13.32825333731515,3056.4428329467773,927.5247859954834,878.9817667007446,870.677604675293,2610.0,0.2937105894088745
AGC_116,CEBADA,Chignahuapan,Puebla,PREDICCION,7.43,7.43,,0.146,0.116,0.387,0.406,0.32,0.254,0.02,-0.017,0.063,0.091,-0.626,0.064,1.136,-0.188,-0.12,1.464,1.275,2.369,1.944,0.825,0.735,0.127,0.169,0.4505,0.33899999999999997,0.3325,0.3425,0.36,0.182,0.028,0.375,0.374,0.26249999999999996,-0.632,0.2215,1.573,0.07400000000000001,0.266,0.8725,0.5865,2.05,2.136,1.108,1.16,0.057999999999999996,0.1455,0.5674999999999999,0.40349999999999997,0.3425,0.3115,0.403,0.15,0.031,0.4885,0.5035000000000001,0.307,-0.648,0.3085,1.8955,0.2625,0.529,0.593,0.314,1.9100000000000001,2.3625,1.2965,1.623,0.0315,0.1245,0.688,48,0.2145,0.14100000000000001,0.7865,0.132,0.532,0.306,1.827,0.298,0.696,0.485,2.333,0.49,0.806,81,910.2673473358154,129.49323081970215,378.0478210449219,266.0243453979492,23.701606478009904,13.026136807032994,3016.4130449295044,914.6075534820557,867.9677867889404,859.6358299255371,2604.6923076923076,0.760566784785344
AGC_142,CEBADA,Chignahuapan,Puebla,PREDICCION,1.29,1.29,,0.153,0.12,0.397,0.357,0.24,0.135,0.021,0.012,0.098,0.105,-0.6045,0.111,1.252,-0.095,0.018,1.214,0.969,2.127,1.644,0.779,0.81,0.062,0.118,0.391,0.315,0.372,0.325,0.316,0.131,0.026,0.347,0.362,0.253,-0.6054999999999999,0.201,1.512,0.094,0.269,0.834,0.584,1.982,1.964,0.961,1.128,0.039,0.119,0.38,0.29600000000000004,0.395,0.3415,0.2995,0.1285,0.025500000000000002,0.3305,0.361,0.247,-0.621,0.20750000000000002,1.5310000000000001,0.1185,0.315,0.799,0.532,2.0575,1.8935,0.9884999999999999,1.1905000000000001,0.039,0.119,0.463,53,0.2015,0.1285,0.669,0.1315,0.453,0.294,1.452,0.279,0.492,0.321,1.689,0.321,0.577,87,793.7303228378296,113.44323635101318,319.7322998046875,225.84110260009766,23.513994216918945,13.248210770743233,3020.031523704529,929.2990636825562,864.6707010269165,853.7572431564331,2726.0,7.950991821289063
AGC_028,CEBADA,Chignahuapan,Puebla,PREDICCION,1.86,1.86,,0.173,0.1275,0.3905,0.3675,0.268,0.164,0.022,0.02,0.119,0.1095,-0.629,0.1065,1.2385000000000002,-0.095,0.013,1.2125,0.9775,2.1745,1.7495,0.804,0.815,0.0755,0.1315,0.355,0.27949999999999997,0.383,0.34099999999999997,0.309,0.16,0.025,0.285,0.3075,0.2305,-0.608,0.163,1.3955,0.044,0.213,0.9205000000000001,0.6545000000000001,2.053,1.9264999999999999,0.9515,1.0455,0.056,0.123,0.46299999999999997,0.35050000000000003,0.35650000000000004,0.3255,0.332,0.123,0.028,0.4385,0.4415,0.2865,-0.646,0.23049999999999998,1.6059999999999999,0.161,0.378,0.732,0.457,1.9794999999999998,2.0515,1.087,1.309,0.033,0.12,0.519,50,0.227,0.136,0.766,0.1375,0.3875,0.2465,1.263,0.241,0.538,0.3315,1.9405000000000001,0.3425,0.654,83,961.35080909729,138.2866153717041,389.3296203613281,283.91819763183594,23.78072602408273,13.32825333731515,3056.4428329467773,927.5247859954834,878.9817667007446,870.677604675293,2653.4,8.143553161621094
AGC_031,CEBADA,Chignahuapan,Puebla,PREDICCION,1.98,1.98,,0.1855,0.1505,0.4245,0.404,0.308,0.20550000000000002,0.021,0.055999999999999994,0.1165,0.1275,-0.623,0.101,1.23,-0.11249999999999999,-0.0014999999999999996,1.2625000000000002,1.0125,2.3575,1.9015,0.812,0.8069999999999999,0.095,0.148,0.45099999999999996,0.41800000000000004,0.2855,0.2415,0.277,0.0535,0.026500000000000003,0.48200000000000004,0.48,0.3015,-0.601,0.245,1.6515,0.1865,0.4105,0.6910000000000001,0.4215,1.6844999999999999,1.855,1.161,1.353,0.0095,0.1015,0.5515000000000001,0.495,0.323,0.285,0.378,0.1055,0.0305,0.7525,0.5485,0.3795,-0.64,0.3005,1.8664999999999998,0.2605,0.514,0.5934999999999999,0.324,1.815,2.292,1.251,1.5695000000000001,0.0245,0.115,0.626,75,0.233,0.159,0.809,0.157,0.545,0.414,1.786,0.379,0.666,0.438,2.284,0.448,0.723,86,961.35080909729,138.2866153717041,389.3296203613281,283.91819763183594,23.78072602408273,13.32825333731515,3056.4428329467773,927.5247859954834,878.9817667007446,870.677604675293,2604.375,0.49552473425865173
AGC_063,CEBADA,Chignahuapan,Puebla,PREDICCION,12.54,12.54,,0.154,0.121,0.427,0.438,0.348,0.286,0.021,-0.01,0.056,0.095,-0.6255,0.066,1.142,-0.206,-0.143,1.521,1.334,2.562,2.071,0.817,0.706,0.146,0.184,0.4175,0.3275,0.3415,0.3205,0.3755,0.1885,0.026500000000000003,0.37249999999999994,0.3295,0.2525,-0.63,0.21250000000000002,1.561,0.1065,0.3045,0.8274999999999999,0.5575,1.953,2.2195,1.1705,1.248,0.0475,0.1405,0.39849999999999997,0.2935,0.365,0.372,0.407,0.214,0.0265,0.2725,0.3435,0.224,-0.658,0.219,1.5705,0.0275,0.2425,0.9604999999999999,0.622,2.1895,2.3885,1.1105,1.0845,0.066,0.1615,0.649,49,0.225,0.149,0.81,0.141,0.581,0.352,1.774,0.3345,0.5085,0.269,1.7454999999999998,0.258,0.767,86,961.35080909729,138.2866153717041,389.3296203613281,283.91819763183594,23.78072602408273,13.32825333731515,3056.4428329467773,927.5247859954834,878.9817667007446,870.677604675293,2607.9,1.34816312789917
AGC_088,CEBADA,Chignahuapan,Puebla,PREDICCION,5.91,5.91,,0.1195,0.0995,0.421,0.3775,0.2525,0.2025,0.021,-0.024,0.058,0.087,-0.6,0.0565,1.12,-0.1305,-0.081,1.3005,1.178,2.2165,1.6804999999999999,0.762,0.765,0.1005,0.129,0.499,0.374,0.363,0.328,0.376,0.1615,0.028,0.4415,0.44399999999999995,0.2885,-0.612,0.239,1.6400000000000001,0.1965,0.4135,0.675,0.42,1.9795,2.223,1.2305000000000001,1.421,0.0475,0.128,0.645,0.524,0.336,0.316,0.435,0.171,0.032,0.842,0.608,0.401,-0.644,0.31,1.904,0.369,0.609,0.466,0.245,1.939,2.657,1.367,1.995,0.029,0.109,0.706,71,0.173,0.116,0.552,0.119,0.495,0.255,1.595,0.252,0.725,0.46950000000000003,2.685,0.4885,0.798,72,793.7303228378296,113.44323635101318,319.7322998046875,225.84110260009766,23.513994216918945,13.248210770743233,3020.031523704529,929.2990636825562,864.6707010269165,853.7572431564331,2905.25,2.048940976460775
AGC_095,CEBADA,Chignahuapan,Puebla,PREDICCION,1.33,1.33,,0.147,0.112,0.4155,0.402,0.2985,0.2295,0.021,-0.0095,0.0795,0.0945,-0.632,0.076,1.165,-0.1585,-0.0815,1.3775,1.1789999999999998,2.3514999999999997,1.8585,0.794,0.749,0.1135,0.154,0.398,0.3345,0.403,0.3695,0.34450000000000003,0.22,0.025,0.344,0.3525,0.255,-0.606,0.183,1.4495,0.0575,0.22599999999999998,0.9025000000000001,0.6405000000000001,2.1805000000000003,2.0705,1.022,1.101,0.0685,0.1415,0.5455000000000001,0.4325,0.36550000000000005,0.3415,0.394,0.1565,0.03,0.577,0.5145,0.3375,-0.644,0.2475,1.6615,0.175,0.4,0.7064999999999999,0.4325,2.0565,2.3235,1.174,1.3585,0.041499999999999995,0.13,0.572,49,0.217,0.13,0.742,0.129,0.42,0.256,1.4,0.254,0.634,0.388,2.282,0.399,0.703,83,961.35080909729,138.2866153717041,389.3296203613281,283.91819763183594,23.78072602408273,13.32825333731515,3056.4428329467773,927.5247859954834,878.9817667007446,870.677604675293,2640.3333333333335,4.764048258463542
AGC_192,CEBADA,Chignahuapan,Puebla,PREDICCION,2.14,2.14,,0.1875,0.1435,0.4205,0.4025,0.307,0.23299999999999998,0.022,0.040999999999999995,0.113,0.1205,-0.6295,0.078,1.1715,-0.132,-0.051,1.3135,1.1215000000000002,2.3715,1.915,0.816,0.7875000000000001,0.1115,0.1535,0.332,0.264,0.388,0.354,0.329,0.217,0.024,0.223,0.278,0.207,-0.625,0.126,1.296,0.015,0.128,0.978,0.784,2.113,2.008,0.948,1.006,0.084,0.141,0.527,0.459,0.366,0.336,0.407,0.19,0.029,0.618,0.55,0.351,-0.638,0.249,1.668,0.242,0.489,0.616,0.346,2.02,2.407,1.266,1.56,0.044,0.126,0.659,65,0.24,0.153,0.845,0.15,0.384,0.245,1.323,0.233,0.647,0.407,2.382,0.412,0.77,80,793.7303228378296,113.44323635101318,319.7322998046875,225.84110260009766,23.513994216918945,13.248210770743233,3020.031523704529,929.2990636825562,864.6707010269165,853.7572431564331,2708.4,2.630081558227539
AGC_158,CEBADA,Chignahuapan,Puebla,PREDICCION,11.22,11.22,,0.1435,0.1075,0.421,0.4195,0.332,0.241,0.0205,-0.018000000000000002,0.06,0.09,-0.639,0.094,1.209,-0.2005,-0.10250000000000001,1.5035,1.2309999999999999,2.4475,1.995,0.8125,0.7184999999999999,0.1205,0.1755,0.3325,0.2225,0.345,0.34550000000000003,0.323,0.16949999999999998,0.025,0.1515,0.253,0.17099999999999999,-0.599,0.1685,1.4129999999999998,-0.004,0.1665,1.0270000000000001,0.731,2.0655,1.9635,0.9989999999999999,1.0085,0.072,0.149,0.506,0.383,0.374,0.352,0.431,0.187,0.028,0.477,0.477,0.3,-0.646,0.265,1.723,0.139,0.389,0.758,0.441,2.094,2.548,1.144,1.288,0.043,0.143,0.6,48,0.22,0.13,0.76,0.126,0.387,0.21550000000000002,1.1669999999999998,0.20350000000000001,0.6205,0.3855,2.142,0.38,0.726,88,961.35080909729,138.2866153717041,389.3296203613281,283.91819763183594,23.78072602408273,13.32825333731515,3056.4428329467773,927.5247859954834,878.9817667007446,870.677604675293,2631.3529411764707,1.0679126066320084
AGC_011,CEBADA,Chignahuapan,Puebla,PREDICCION,7.17,7.17,,0.167,0.1285,0.438,0.4245,0.3345,0.267,0.021,0.017,0.083,0.1085,-0.621,0.076,1.166,-0.177,-0.1045,1.4395,1.245,2.504,2.026,0.8165,0.7355,0.133,0.173,0.5145,0.39049999999999996,0.3765,0.33799999999999997,0.394,0.199,0.029,0.47050000000000003,0.4285,0.3005,-0.6185,0.225,1.593,0.1375,0.3625,0.7675000000000001,0.478,2.033,2.3225,1.1844999999999999,1.3039999999999998,0.057,0.142,0.579,0.4795,0.3635,0.3155,0.421,0.152,0.031,0.715,0.5265,0.3705,-0.635,0.2935,1.846,0.22699999999999998,0.484,0.642,0.3575,1.9329999999999998,2.4945000000000004,1.2485,1.5315,0.0345,0.1255,0.623,63,0.233,0.147,0.828,0.143,0.52,0.322,1.714,0.316,0.6705000000000001,0.439,2.283,0.454,0.726,70,793.7303228378296,113.44323635101318,319.7322998046875,225.84110260009766,23.513994216918945,13.248210770743233,3020.031523704529,929.2990636825562,864.6707010269165,853.7572431564331,2723.3636363636365,4.394883589311079
AGC_076,CEBADA,Chignahuapan,Puebla,PREDICCION,1.01,1.01,,0.159,0.123,0.4285,0.4155,0.322,0.2245,0.021,0.006,0.079,0.103,-0.6315,0.1015,1.226,-0.1685,-0.065,1.4085,1.142,2.426,1.956,0.805,0.7455,0.1085,0.165,0.4345,0.347,0.3655,0.33899999999999997,0.36350000000000005,0.1855,0.026000000000000002,0.3855,0.374,0.2675,-0.63,0.2495,1.669,0.095,0.3385,0.835,0.502,2.031,2.1585,1.1555,1.2125,0.047,0.146,0.493,0.366,0.391,0.361,0.393,0.218,0.028,0.4115,0.445,0.28,-0.6525000000000001,0.258,1.7045,0.1545,0.393,0.741,0.4425,2.1365,2.315,1.181,1.3205,0.053,0.14,0.67,49,0.23,0.141,0.802,0.139,0.5405,0.3435,1.7235,0.32499999999999996,0.563,0.339,2.013,0.323,0.778,79,961.35080909729,138.2866153717041,389.3296203613281,283.91819763183594,23.78072602408273,13.32825333731515,3056.4428329467773,927.5247859954834,878.9817667007446,870.677604675293,2631.0,6.0729118347167965
AGC_094,CEBADA,Chignahuapan,Puebla,PREDICCION,3.63,3.63,,0.145,0.113,0.4335,0.4225,0.323,0.251,0.021,-0.01,0.062,0.0945,-0.618,0.0795,1.1724999999999999,-0.1885,-0.1135,1.4675,1.2595,2.4699999999999998,1.9605000000000001,0.7965,0.7224999999999999,0.1255,0.1695,0.343,0.263,0.341,0.336,0.372,0.184,0.024,0.246,0.25,0.212,-0.621,0.173,1.419,-0.053,0.089,1.132,0.858,2.016,2.193,0.957,0.926,0.056,0.153,0.3305,0.25,0.368,0.359,0.3645,0.2135,0.024,0.204,0.2555,0.1945,-0.631,0.192,1.4805000000000001,-0.022,0.1555,1.0625,0.749,2.133,2.1645000000000003,1.01,0.9815,0.07050000000000001,0.151,0.673,65,0.211,0.135,0.751,0.129,0.4375,0.235,1.358,0.231,0.4355,0.23149999999999998,1.5419999999999998,0.2195,0.759,71,793.7303228378296,113.44323635101318,319.7322998046875,225.84110260009766,23.513994216918945,13.248210770743233,3020.031523704529,929.2990636825562,864.6707010269165,853.7572431564331,2749.8888888888887,1.1406742731730144
AGC_175,CEBADA,Chignahuapan,Puebla,PREDICCION,1.41,1.41,,0.136,0.111,0.396,0.374,0.272,0.1755,0.021,-0.0135,0.0735,0.093,-0.608,0.1,1.2235,-0.1435,-0.0395,1.3365,1.0855000000000001,2.2009999999999996,1.7525,0.7995000000000001,0.767,0.0845,0.139,0.318,0.329,0.381,0.344,0.302,0.175,0.023,0.24,0.326,0.213,-0.6174999999999999,0.196,1.492,0.079,0.27,0.857,0.58,2.055,1.882,1.065,1.135,0.052,0.133,0.281,0.187,0.362,0.343,0.298,0.149,0.023,0.098,0.237,0.148,-0.617,0.178,1.434,-0.04,0.112,1.087,0.806,2.056,1.858,0.904,0.919,0.044,0.133,0.719,54,0.196,0.13,0.666,0.127,0.47550000000000003,0.33399999999999996,1.544,0.3265,0.3845,0.224,1.332,0.211,0.805,88,793.7303228378296,113.44323635101318,319.7322998046875,225.84110260009766,23.513994216918945,13.248210770743233,3020.031523704529,929.2990636825562,864.6707010269165,853.7572431564331,2644.8,2.980441665649414
AGC_154,CEBADA,Chignahuapan,Puebla,PREDICCION,1.49,1.49,,0.17149999999999999,0.1225,0.476,0.486,0.4035,0.3405,0.021,0.0025,0.06,0.1015,-0.648,0.0725,1.157,-0.2485,-0.175,1.6655,1.4315,2.9025,2.362,0.8185,0.6675,0.177,0.2175,0.509,0.4135,0.4365,0.401,0.4485,0.308,0.0275,0.476,0.4185,0.305,-0.6205,0.2205,1.572,0.087,0.299,0.852,0.5525,2.3434999999999997,2.6595,1.198,1.202,0.0675,0.1545,0.728,0.6145,0.329,0.3345,0.4945,0.1925,0.036,1.0,0.705,0.4485,-0.654,0.333,2.0015,0.3585,0.6194999999999999,0.4755,0.237,2.01,2.9795,1.5495,2.0155000000000003,0.0315,0.119,0.759,51,0.2555,0.147,0.923,0.1425,0.6275,0.3945,2.2325,0.377,0.815,0.535,3.095,0.553,0.852,84,961.35080909729,138.2866153717041,389.3296203613281,283.91819763183594,23.78072602408273,13.32825333731515,3056.4428329467773,927.5247859954834,878.9817667007446,870.677604675293,2635.8,3.7992023468017577
AGC_016,CEBADA,Chignahuapan,Puebla,PREDICCION,7.47,7.47,,0.1445,0.106,0.4185,0.401,0.305,0.24,0.021,-0.0175,0.077,0.0905,-0.636,0.0625,1.1345,-0.166,-0.1015,1.4,1.23,2.3440000000000003,1.8809999999999998,0.7985,0.742,0.115,0.156,0.583,0.49,0.373,0.347,0.45,0.215,0.031,0.644,0.554,0.355,-0.613,0.258,1.701,0.23,0.458,0.63,0.376,2.064,2.674,1.325,1.541,0.058,0.139,0.658,0.538,0.34450000000000003,0.317,0.442,0.1785,0.032,0.7885,0.625,0.399,-0.647,0.2815,1.791,0.2925,0.5305,0.551,0.311,1.942,2.617,1.3995,1.7240000000000002,0.037,0.118,0.679,50,0.217,0.131,0.765,0.129,0.6715,0.4335,2.318,0.42500000000000004,0.743,0.4675,2.6175,0.472,0.783,88,961.35080909729,138.2866153717041,389.3296203613281,283.91819763183594,23.78072602408273,13.32825333731515,3056.4428329467773,927.5247859954834,878.9817667007446,870.677604675293,2611.785714285714,0.5862361363002232
AGC_025,Cebada,Calpulalpan,Tlaxcala,PREDICCION,2.0,2.0,,0.1405,0.1055,0.399,0.39,0.3025,0.2245,0.021,-0.022,0.075,0.088,-0.6415,0.0835,1.1829999999999998,-0.163,-0.078,1.39,1.1705,2.2794999999999996,1.874,0.8194999999999999,0.755,0.109,0.1545,0.289,0.213,0.315,0.292,0.338,0.161,0.025,0.166,0.228,0.172,-0.64,0.116,1.263,0.025,0.147,0.976,0.744,1.861,2.029,0.984,1.028,0.054,0.129,0.538,0.437,0.376,0.347,0.379,0.217,0.029,0.526,0.5,0.315,-0.639,0.254,1.688,0.184,0.432,0.697,0.404,2.068,2.254,1.272,1.434,0.052,0.136,0.616,55,0.2205,0.131,0.7685,0.126,0.42,0.241,1.487,0.234,0.634,0.429,2.221,0.408,0.766,97,887.9460887908936,201.02626609802246,353.26702880859375,255.4771499633789,23.791027886526926,12.122947284153529,2930.9673929214478,875.2571439743042,848.6203193664551,842.0873880386353,2538.5714285714284,0.8533453941345215
AGC_050,Cebada,Calpulalpan,Tlaxcala,PREDICCION,2.42,2.42,,0.1405,0.1145,0.405,0.377,0.2745,0.197,0.021,-0.006500000000000001,0.076,0.0965,-0.619,0.081,1.1764999999999999,-0.137,-0.0545,1.319,1.1185,2.219,1.7625,0.796,0.7715000000000001,0.0955,0.139,0.636,0.541,0.401,0.351,0.418,0.221,0.032,0.751,0.592,0.388,-0.635,0.286,1.803,0.298,0.537,0.542,0.303,2.085,2.45,1.467,1.747,0.047,0.129,0.707,0.636,0.371,0.33,0.48,0.198,0.035,1.13,0.726,0.474,-0.645,0.312,1.916,0.373,0.615,0.459,0.24,1.992,2.875,1.528,2.071,0.032,0.116,0.753,46,0.21,0.139,0.715,0.137,0.462,0.297,1.594,0.292,0.756,0.539,2.8209999999999997,0.56,0.838,89,1074.4636421203613,247.86155319213867,420.83160400390625,325.77183532714844,23.734426498413086,12.002432550702776,2912.3702001571655,871.3718891143799,841.8166351318359,836.2698125839233,2601.125,3.0232229232788086
AGC_039,Cebada,Calpulalpan,Tlaxcala,PREDICCION,7.71,7.71,,0.122,0.098,0.385,0.359,0.25,0.179,0.021,-0.028,0.074,0.084,-0.619,0.072,1.155,-0.126,-0.052,1.288,1.11,2.12,1.668,0.789,0.78,0.086,0.125,0.4565,0.3725,0.3705,0.327,0.363,0.1875,0.027,0.4345,0.4025,0.2855,-0.632,0.186,1.475,0.1225,0.2965,0.804,0.5725,1.975,2.1555,1.1179999999999999,1.2705,0.047,0.1235,0.621,0.524,0.342,0.292,0.376,0.074,0.031,0.805,0.629,0.404,-0.641,0.269,1.741,0.283,0.508,0.562,0.329,1.828,2.21,1.268,1.644,0.023,0.109,0.666,52,0.193,0.1235,0.6435,0.1235,0.46699999999999997,0.311,1.5165,0.2905,0.6765000000000001,0.46,2.5010000000000003,0.474,0.755,88,1074.4636421203613,247.86155319213867,420.83160400390625,325.77183532714844,23.734426498413086,12.002432550702776,2912.3702001571655,871.3718891143799,841.8166351318359,836.2698125839233,2638.5454545454545,5.399666179310191
AGC_120,Cebada,Nanacamilpa de Mariano Arista,Tlaxcala,PREDICCION,7.47,7.47,,0.22,0.171,0.375,0.374,0.312,0.226,0.023,0.077,0.167,0.133,-0.6495,0.093,1.208,-0.089,0.0,1.222,1.038,2.215,1.952,0.877,0.866,0.104,0.147,0.4265,0.327,0.3605,0.33999999999999997,0.356,0.226,0.027,0.315,0.38049999999999995,0.243,-0.631,0.20400000000000001,1.5274999999999999,0.14250000000000002,0.33,0.7705,0.5275000000000001,2.0535,2.2234999999999996,1.149,1.288,0.059000000000000004,0.1335,0.7735000000000001,0.7455,0.3165,0.2935,0.5025,0.16749999999999998,0.039,1.5945,0.778,0.526,-0.6545000000000001,0.3545,2.1065,0.424,0.6765000000000001,0.4085,0.1945,1.8475000000000001,3.0585,1.6905000000000001,2.3045,0.022,0.1045,0.798,48,0.287,0.168,1.034,0.16,0.486,0.299,1.651,0.294,0.852,0.621,3.24,0.652,0.904,87,1059.8037815093994,188.38851356506348,449.66319274902344,345.98492431640625,23.539536339896067,11.867007528032575,2877.6871061325073,870.7256698608398,830.7985353469849,820.4837608337402,2617.5555555555557,5.969466315375434
AGC_029,Cebada,Calpulalpan,Tlaxcala,PREDICCION,5.9,5.9,,0.1095,0.0845,0.362,0.336,0.2255,0.1605,0.02,-0.051000000000000004,0.0735,0.072,-0.621,0.0665,1.143,-0.11649999999999999,-0.0525,1.2645,1.1125,2.015,1.585,0.7945,0.7905,0.078,0.1145,0.237,0.16749999999999998,0.33499999999999996,0.3135,0.244,0.16399999999999998,0.024,0.07400000000000001,0.2205,0.1335,-0.607,0.10300000000000001,1.234,-0.0034999999999999996,0.10200000000000001,1.0175,0.8275,1.9215,1.6595,0.929,0.979,0.0625,0.114,0.55,0.49,0.328,0.297,0.342,0.127,0.029,0.641,0.524,0.358,-0.61,0.218,1.562,0.192,0.392,0.681,0.44,1.856,2.063,1.186,1.4,0.038,0.114,0.627,47,0.174,0.1075,0.568,0.107,0.295,0.173,1.05,0.176,0.668,0.442,2.377,0.446,0.774,87,1360.9191226959229,219.280122756958,568.2841491699219,497.71974182128906,23.34951673235212,11.596076556614467,2829.2872953414917,861.5574359893799,813.8893890380859,804.4062852859497,2689.8,3.275823974609375
AGC_147,Cebada,Calpulalpan,Tlaxcala,PREDICCION,6.8,6.8,,0.132,0.104,0.387,0.364,0.256,0.193,0.021,-0.02,0.084,0.089,-0.6174999999999999,0.065,1.139,-0.127,-0.062,1.292,1.135,2.148,1.69,0.792,0.783,0.094,0.129,0.693,0.661,0.387,0.339,0.477,0.203,0.034,1.12,0.66,0.473,-0.626,0.307,1.896,0.315,0.565,0.524,0.282,2.03,2.846,1.489,1.83,0.041,0.127,0.646,0.51,0.351,0.318,0.445,0.17,0.032,0.779,0.643,0.397,-0.6475,0.303,1.872,0.295,0.543,0.548,0.298,1.939,2.621,1.355,1.695,0.035,0.121,0.724,48,0.208,0.131,0.698,0.13,0.633,0.447,2.0679999999999996,0.4335,0.723,0.475,2.676,0.496,0.803,89,1162.8000831604004,250.9103889465332,460.4319763183594,368.2146911621094,23.678374971662247,11.882469585963658,2893.88867855072,867.43483543396,835.1382923126221,830.5499982833862,2670.076923076923,4.180773514967698
AGC_075,Cebada,Calpulalpan,Tlaxcala,PREDICCION,3.9,3.9,,0.136,0.105,0.3825,0.3825,0.2975,0.2485,0.02,-0.028,0.0735,0.0845,-0.636,0.056,1.1195,-0.17049999999999998,-0.114,1.412,1.259,2.242,1.85,0.8314999999999999,0.756,0.125,0.154,0.48850000000000005,0.388,0.3385,0.3095,0.2975,0.1955,0.027999999999999997,0.4315,0.4615,0.28049999999999997,-0.617,0.2015,1.5099999999999998,0.16799999999999998,0.36,0.72,0.47850000000000004,1.908,1.9115000000000002,1.1495,1.3395000000000001,0.05450000000000001,0.1285,0.51,0.4325,0.34750000000000003,0.324,0.366,0.14350000000000002,0.028,0.522,0.507,0.3205,-0.65,0.221,1.5705,0.1855,0.389,0.6895,0.4425,1.9775,2.1725000000000003,1.124,1.361,0.0435,0.123,0.605,53,0.213,0.128,0.761,0.123,0.511,0.408,1.8690000000000002,0.364,0.6154999999999999,0.389,2.202,0.399,0.697,93,887.9460887908936,201.02626609802246,353.26702880859375,255.4771499633789,23.791027886526926,12.122947284153529,2930.9673929214478,875.2571439743042,848.6203193664551,842.0873880386353,2611.5714285714284,1.668886457170759
AGC_093,Cebada,Calpulalpan,Tlaxcala,PREDICCION,3.71,3.71,,0.138,0.107,0.3925,0.39,0.307,0.2575,0.02,-0.024,0.07,0.087,-0.633,0.056,1.118,-0.1765,-0.1215,1.4304999999999999,1.2774999999999999,2.2805,1.888,0.8294999999999999,0.7484999999999999,0.13,0.159,0.429,0.391,0.331,0.285,0.283,0.156,0.025,0.385,0.431,0.272,-0.6214999999999999,0.194,1.49,0.135,0.316,0.776,0.534,1.8,1.793,1.122,1.28,0.038,0.125,0.511,0.438,0.358,0.3365,0.372,0.172,0.0285,0.544,0.496,0.327,-0.643,0.222,1.572,0.198,0.39949999999999997,0.6725,0.4315,2.0195,2.2039999999999997,1.1524999999999999,1.3929999999999998,0.0455,0.13,0.586,53,0.217,0.133,0.762,0.127,0.539,0.3735,1.823,0.358,0.618,0.3975,2.174,0.3975,0.716,91,887.9460887908936,201.02626609802246,353.26702880859375,255.4771499633789,23.791027886526926,12.122947284153529,2930.9673929214478,875.2571439743042,848.6203193664551,842.0873880386353,2617.5,1.8731160163879395
AGC_087,Cebada,Calpulalpan,Tlaxcala,PREDICCION,5.66,5.66,,0.1175,0.095,0.3655,0.351,0.255,0.2135,0.02,-0.04,0.0735,0.078,-0.623,0.044,1.093,-0.134,-0.0945,1.311,1.21,2.0865,1.6895,0.8115,0.7765,0.1065,0.1305,0.46399999999999997,0.38849999999999996,0.3475,0.3255,0.3065,0.197,0.026500000000000003,0.40049999999999997,0.4615,0.27649999999999997,-0.613,0.218,1.5635,0.21350000000000002,0.4125,0.653,0.42100000000000004,1.9695,1.899,1.2235,1.4505,0.0535,0.124,0.5665,0.4565,0.3325,0.2995,0.391,0.16699999999999998,0.0305,0.575,0.5565,0.338,-0.626,0.25,1.6735,0.23099999999999998,0.45,0.6295,0.385,1.8675,2.301,1.236,1.499,0.040999999999999995,0.1195,0.615,52,0.186,0.117,0.624,0.11,0.391,0.235,1.249,0.206,0.65,0.4,2.2560000000000002,0.3935,0.726,94,1059.8037815093994,188.38851356506348,449.66319274902344,345.98492431640625,23.539536339896067,11.867007528032575,2877.6871061325073,870.7256698608398,830.7985353469849,820.4837608337402,2649.818181818182,2.0689624439586294
AGC_086,Cebada,Calpulalpan,Tlaxcala,PREDICCION,4.73,4.73,,0.129,0.098,0.397,0.392,0.3,0.248,0.02,-0.037,0.065,0.08,-0.6385000000000001,0.057,1.121,-0.178,-0.119,1.435,1.272,2.295,1.86,0.813,0.74,0.125,0.157,0.238,0.184,0.364,0.361,0.333,0.24,0.024,0.116,0.185,0.15,-0.64,0.109,1.244,-0.095,-0.002,1.236,1.007,2.137,2.013,0.931,0.862,0.096,0.149,0.4895,0.40549999999999997,0.352,0.33199999999999996,0.3575,0.20450000000000002,0.028,0.48150000000000004,0.4455,0.3065,-0.631,0.235,1.6179999999999999,0.14700000000000002,0.381,0.7495,0.4545,2.0105,2.122,1.2225000000000001,1.315,0.052000000000000005,0.1365,0.644,52,0.203,0.122,0.706,0.116,0.332,0.192,1.183,0.183,0.608,0.398,2.163,0.39,0.744,95,887.9460887908936,201.02626609802246,353.26702880859375,255.4771499633789,23.791027886526926,12.122947284153529,2930.9673929214478,875.2571439743042,848.6203193664551,842.0873880386353,2546.6,1.2201712608337403
AGC_183,Cebada,Calpulalpan,Tlaxcala,PREDICCION,7.85,7.85,,0.147,0.1085,0.3795,0.373,0.2875,0.2265,0.021,-0.016,0.089,0.0905,-0.639,0.064,1.137,-0.1445,-0.078,1.3439999999999999,1.1785,2.2035,1.817,0.828,0.782,0.112,0.1475,0.473,0.392,0.364,0.333,0.32,0.209,0.028,0.453,0.452,0.29,-0.621,0.188,1.476,0.17,0.356,0.722,0.493,2.059,2.033,1.175,1.351,0.056,0.129,0.546,0.457,0.33,0.294,0.365,0.145,0.031,0.61,0.533,0.344,-0.644,0.24,1.637,0.227,0.429,0.636,0.406,1.888,2.281,1.206,1.469,0.035,0.113,0.569,48,0.2275,0.1325,0.787,0.1285,0.361,0.20700000000000002,1.2355,0.1795,0.6295,0.39,2.262,0.3995,0.719,96,981.2048654556274,224.44390964508057,387.04931640625,290.62449645996094,23.762727192470006,12.06269005366734,2921.6688108444214,873.3145236968994,845.2184629440308,839.1786003112793,2579.285714285714,1.561546734401158
AGC_173,Cebada,Calpulalpan,Tlaxcala,PREDICCION,3.6,3.6,,0.1675,0.125,0.396,0.406,0.337,0.2635,0.021,0.0055,0.087,0.101,-0.64,0.083,1.1840000000000002,-0.1805,-0.0985,1.451,1.2395,2.3865,2.036,0.8574999999999999,0.7464999999999999,0.1305,0.1745,0.48450000000000004,0.4105,0.35,0.343,0.405,0.2255,0.029,0.5165,0.43,0.301,-0.6335,0.1895,1.481,0.11150000000000002,0.2885,0.8195,0.5755,2.0625,2.421,1.19,1.2665,0.068,0.14150000000000001,0.667,0.632,0.332,0.314,0.452,0.161,0.035,1.09,0.687,0.449,-0.642,0.307,1.901,0.331,0.581,0.516,0.28,1.927,2.719,1.438,1.904,0.028,0.115,0.693,53,0.256,0.144,0.923,0.139,0.523,0.367,1.967,0.33,0.744,0.5654999999999999,2.893,0.5495000000000001,0.808,97,1074.4636421203613,247.86155319213867,420.83160400390625,325.77183532714844,23.734426498413086,12.002432550702776,2912.3702001571655,871.3718891143799,841.8166351318359,836.2698125839233,2567.125,1.2571662664413452
AGC_027,Cebada,Calpulalpan,Tlaxcala,PREDICCION,8.46,8.46,,0.1285,0.101,0.3955,0.383,0.2925,0.244,0.021,-0.03,0.0685,0.0835,-0.627,0.0525,1.1115,-0.167,-0.1165,1.4064999999999999,1.2705,2.2475,1.8330000000000002,0.8174999999999999,0.753,0.1235,0.1515,0.4685,0.4085,0.3575,0.3405,0.361,0.2185,0.027999999999999997,0.495,0.4265,0.2965,-0.62,0.197,1.505,0.1375,0.3185,0.781,0.5415000000000001,2.048,2.157,1.1764999999999999,1.3135,0.057,0.1325,0.699,0.699,0.38,0.341,0.466,0.174,0.036,1.365,0.719,0.487,-0.632,0.29,1.838,0.318,0.56,0.525,0.294,2.038,2.778,1.523,1.861,0.031,0.121,0.723,50,0.195,0.127,0.676,0.12,0.3875,0.222,1.272,0.202,0.777,0.5654999999999999,2.9115,0.588,0.837,98,887.9460887908936,201.02626609802246,353.26702880859375,255.4771499633789,23.791027886526926,12.122947284153529,2930.9673929214478,875.2571439743042,848.6203193664551,842.0873880386353,2608.5333333333333,1.4980499267578125
AGC_061,Cebada,Calpulalpan,Tlaxcala,PREDICCION,7.23,7.23,,0.142,0.115,0.389,0.342,0.228,0.143,0.021,0.001,0.094,0.1,-0.605,0.087,1.193,-0.092,0.003,1.204,0.997,2.047,1.603,0.785,0.814,0.067,0.112,0.3355,0.2485,0.3665,0.314,0.271,0.1595,0.025500000000000002,0.22499999999999998,0.321,0.2,-0.6355,0.152,1.37,0.077,0.22300000000000003,0.8705,0.6539999999999999,1.922,1.779,0.9870000000000001,1.119,0.052500000000000005,0.1185,0.6375,0.56,0.3285,0.278,0.414,0.14100000000000001,0.0335,0.9139999999999999,0.606,0.4265,-0.633,0.2965,1.8515000000000001,0.32,0.5565,0.518,0.28700000000000003,1.7785,2.4475,1.397,1.7905,0.028,0.1095,0.666,47,0.203,0.136,0.672,0.1365,0.3415,0.217,1.2005,0.216,0.705,0.495,2.374,0.495,0.758,84,1459.1384239196777,250.5939598083496,603.8419342041016,519.5300445556641,23.250250952584402,11.415898050580706,2799.9456453323364,854.6553325653076,803.5040044784546,795.5699157714844,2779.8571428571427,5.003995622907366
AGC_071,Cebada,Calpulalpan,Tlaxcala,PREDICCION,5.21,5.21,,0.127,0.104,0.406,0.393,0.299,0.228,0.02,-0.025,0.066,0.086,-0.625,0.074,1.161,-0.169,-0.096,1.407,1.214,2.298,1.857,0.814,0.744,0.113,0.154,0.351,0.31,0.345,0.344,0.326,0.209,0.024,0.2635,0.3115,0.22249999999999998,-0.629,0.15250000000000002,1.3715000000000002,0.0355,0.1825,0.958,0.7275,2.06,1.9875,1.055,1.0939999999999999,0.0775,0.147,0.557,0.463,0.402,0.361,0.418,0.227,0.029,0.597,0.493,0.339,-0.635,0.248,1.677,0.146,0.376,0.755,0.466,2.132,2.494,1.283,1.345,0.068,0.147,0.637,52,0.201,0.128,0.689,0.122,0.39,0.209,1.27,0.189,0.648,0.417,2.286,0.41,0.772,94,887.9460887908936,201.02626609802246,353.26702880859375,255.4771499633789,23.791027886526926,12.122947284153529,2930.9673929214478,875.2571439743042,848.6203193664551,842.0873880386353,2611.0,1.8317146301269531
