ID_POLIGONO,Estado,Municipio,area_ha,lat,lng,precip_acum_emergencia_macollamiento_mm,bas_n_obs_ciclo,bas_lai_espigado_llenado,bas_ndti_emergencia_macollamiento,bas_sti_encanado,bas_ndvi_emergencia_macollamiento,bas_ndwi_espigado_llenado,bas_ndti_encanado,bas_evi_emergencia_macollamiento,bas_evi_encanado
AGC_174,Hidalgo,Cuautepec de Hinojosa,6.89,19.89818,-98.30428,133.98892879486084,58,0.483,0.0675,1.597,0.139,0.147,0.229,0.0985,0.3835
AGC_149,Hidalgo,Cuautepec de Hinojosa,8.99,19.93161,-98.27634,136.12703704833984,52,0.784,0.0795,1.607,0.1485,0.254,0.229,0.1155,0.36
AGC_052,Hidalgo,Cuautepec de Hinojosa,6.23,19.92889,-98.27873,136.12703704833984,50,0.8085,0.077,1.591,0.157,0.2945,0.2204999999999999,0.119,0.3085
AGC_130,Hidalgo,Cuautepec de Hinojosa,12.1,19.93283,-98.27346,136.12703704833984,54,0.605,0.07,1.518,0.133,0.213,0.205,0.0995,0.38
AGC_107,Hidalgo,Almoloya,2.63,19.80487,-98.26565,129.49323081970215,57,0.892,0.0965,2.011,0.1835,0.296,0.334,0.139,0.483
AGC_065,Hidalgo,Almoloya,60.88,19.76719,-98.34134,112.4375171661377,50,0.857,0.07,2.022,0.182,0.368,0.333,0.118,0.673
AGC_082,Hidalgo,Almoloya,2.77,19.80186,-98.26926,121.60354709625244,77,0.661,0.11,1.856,0.162,0.262,0.298,0.128,0.419
AGC_128,Hidalgo,Almoloya,6.15,19.80517,-98.26919,129.49323081970215,59,0.7230000000000001,0.085,2.0170000000000003,0.159,0.283,0.3355,0.12,0.516
AGC_003,Hidalgo,Singuilucan,18.68,19.98137,-98.375,151.76988220214844,46,0.7525,0.165,1.5,0.212,0.3065,0.197,0.15,0.195
AGC_129,Hidalgo,Singuilucan,8.16,19.97664,-98.37404,151.76988220214844,46,1.004,0.082,1.521,0.1635,0.376,0.204,0.1085,0.262
AGC_113,Hidalgo,Singuilucan,10.58,19.95528,-98.38951,151.76988220214844,48,0.798,0.055,1.3544999999999998,0.109,0.333,0.1495,0.07,0.205
AGC_042,Hidalgo,Singuilucan,3.81,19.95079,-98.38853,144.8725471496582,48,0.834,0.094,1.551,0.149,0.308,0.214,0.1025,0.256
AGC_030,Hidalgo,Singuilucan,13.05,19.95829,-98.41029,147.6719512939453,41,0.659,0.131,1.293,0.171,0.261,0.125,0.129,0.165
AGC_156,Hidalgo,Singuilucan,8.2,19.97036,-98.43357,147.6719512939453,42,1.2315,0.083,1.33,0.126,0.344,0.1405,0.087,0.179
AGC_118,Hidalgo,Singuilucan,4.42,19.94755,-98.42315,140.68313217163086,45,0.521,0.138,1.371,0.16,0.26,0.152,0.129,0.182
AGC_190,Puebla,Chignahuapan,5.01,19.8963,-98.23457,113.44323635101318,73,0.762,0.0595,1.6915,0.114,0.25,0.2555,0.096,0.414
AGC_091,Puebla,Chignahuapan,0.35,19.85972,-98.23914,113.44323635101318,59,0.7735000000000001,0.106,1.3335,0.184,0.3055,0.1425,0.138,0.279
AGC_191,Puebla,Chignahuapan,1.75,19.87888,-98.25096,125.86492538452148,54,0.5185,0.1265,1.479,0.222,0.223,0.188,0.1709999999999999,0.297
AGC_085,Puebla,Chignahuapan,5.5,19.85267,-98.25202,138.2866153717041,53,0.49,0.043,1.4595,0.121,0.1765,0.184,0.103,0.3455
AGC_188,Puebla,Chignahuapan,2.34,19.85323,-98.23964,113.44323635101318,57,0.2725,0.1025,1.5205000000000002,0.155,0.1355,0.2045,0.122,0.3205
AGC_126,Puebla,Chignahuapan,5.75,19.89589,-98.24371,113.44323635101318,49,0.5995,0.062,1.326,0.123,0.292,0.139,0.098,0.166
AGC_043,Puebla,Chignahuapan,7.15,19.85159,-98.2605,133.88992309570312,48,0.1385,0.056,1.705,0.146,-0.0094999999999999,0.2585,0.118,0.4245
AGC_153,Puebla,Chignahuapan,1.99,19.86301,-98.26092,138.2866153717041,48,0.535,0.0584999999999999,1.614,0.132,0.187,0.232,0.101,0.333
AGC_036,Puebla,Chignahuapan,5.0,19.85609,-98.2516,138.2866153717041,53,0.673,0.067,1.769,0.138,0.261,0.275,0.114,0.469
AGC_177,Puebla,Chignahuapan,5.66,19.85305,-98.25328,138.2866153717041,53,0.715,0.051,1.6095000000000002,0.13,0.2485,0.2289999999999999,0.107,0.4034999999999999
AGC_182,Puebla,Chignahuapan,4.13,19.84815,-98.24406,121.60730361938477,56,0.591,0.093,1.5405,0.16,0.197,0.21,0.125,0.3429999999999999
AGC_186,Puebla,Chignahuapan,11.7,19.8555,-98.27749,138.2866153717041,77,0.4605,0.075,1.631,0.163,0.215,0.2305,0.125,0.384
AGC_143,Puebla,Chignahuapan,11.48,19.85208,-98.28553,133.88992309570312,53,0.718,0.076,1.507,0.155,0.19,0.199,0.117,0.3745
AGC_136,Puebla,Chignahuapan,1.69,19.85982,-98.25407,138.2866153717041,51,0.685,0.064,1.589,0.144,0.228,0.225,0.11,0.397
AGC_116,Puebla,Chignahuapan,7.43,19.84809,-98.26215,129.49323081970215,48,0.4885,0.064,1.573,0.146,0.2625,0.2215,0.116,0.3389999999999999
AGC_142,Puebla,Chignahuapan,1.29,19.88003,-98.2487,113.44323635101318,53,0.3305,0.111,1.512,0.153,0.1185,0.201,0.12,0.315
AGC_028,Puebla,Chignahuapan,1.86,19.87676,-98.26009,138.2866153717041,50,0.4385,0.1065,1.3955,0.173,0.161,0.163,0.1275,0.2794999999999999
AGC_031,Puebla,Chignahuapan,1.98,19.86187,-98.26597,138.2866153717041,75,0.7525,0.101,1.6515,0.1855,0.2605,0.245,0.1505,0.418
AGC_063,Puebla,Chignahuapan,12.54,19.85912,-98.27773,138.2866153717041,49,0.2725,0.066,1.561,0.154,0.0275,0.2125,0.121,0.3275
AGC_088,Puebla,Chignahuapan,5.91,19.89403,-98.23794,113.44323635101318,71,0.842,0.0565,1.64,0.1195,0.369,0.239,0.0995,0.374
AGC_095,Puebla,Chignahuapan,1.33,19.87605,-98.26137,138.2866153717041,49,0.577,0.076,1.4495,0.147,0.175,0.183,0.112,0.3345
AGC_192,Puebla,Chignahuapan,2.14,19.86606,-98.22749,113.44323635101318,65,0.618,0.078,1.296,0.1875,0.242,0.126,0.1435,0.264
AGC_158,Puebla,Chignahuapan,11.22,19.87028,-98.27808,138.2866153717041,48,0.477,0.094,1.4129999999999998,0.1435,0.139,0.1685,0.1075,0.2225
AGC_011,Puebla,Chignahuapan,7.17,19.86427,-98.20904,113.44323635101318,63,0.715,0.076,1.593,0.167,0.2269999999999999,0.225,0.1285,0.3904999999999999
AGC_076,Puebla,Chignahuapan,1.01,19.88092,-98.26631,138.2866153717041,49,0.4115,0.1015,1.669,0.159,0.1545,0.2495,0.123,0.347
AGC_094,Puebla,Chignahuapan,3.63,19.871,-98.2051,113.44323635101318,65,0.204,0.0795,1.419,0.145,-0.022,0.173,0.113,0.263
AGC_175,Puebla,Chignahuapan,1.41,19.853,-98.24161,113.44323635101318,54,0.098,0.1,1.492,0.136,-0.04,0.196,0.111,0.329
AGC_154,Puebla,Chignahuapan,1.49,19.87712,-98.26308,138.2866153717041,51,1.0,0.0725,1.572,0.1714999999999999,0.3585,0.2205,0.1225,0.4135
AGC_016,Puebla,Chignahuapan,7.47,19.86255,-98.25326,138.2866153717041,50,0.7885,0.0625,1.701,0.1445,0.2925,0.258,0.106,0.49
AGC_025,Tlaxcala,Calpulalpan,2.0,19.59155,-98.5369,201.0262660980225,55,0.526,0.0835,1.263,0.1405,0.184,0.116,0.1055,0.213
AGC_050,Tlaxcala,Calpulalpan,2.42,19.58106,-98.59011,247.86155319213867,46,1.13,0.081,1.803,0.1405,0.373,0.286,0.1145,0.541
AGC_039,Tlaxcala,Calpulalpan,7.71,19.57548,-98.59606,247.86155319213867,52,0.805,0.072,1.475,0.122,0.283,0.186,0.098,0.3725
AGC_120,Tlaxcala,Nanacamilpa de Mariano Arista,7.47,19.53672,-98.5367,188.38851356506348,48,1.5945,0.093,1.5275,0.22,0.424,0.204,0.171,0.327
AGC_029,Tlaxcala,Calpulalpan,5.9,19.54692,-98.55662,219.280122756958,47,0.641,0.0665,1.234,0.1095,0.192,0.103,0.0845,0.1674999999999999
AGC_147,Tlaxcala,Calpulalpan,6.8,19.57101,-98.60315,250.9103889465332,48,0.779,0.065,1.896,0.132,0.295,0.307,0.104,0.661
AGC_075,Tlaxcala,Calpulalpan,3.9,19.56402,-98.54574,201.0262660980225,53,0.522,0.056,1.5099999999999998,0.136,0.1855,0.2015,0.105,0.388
AGC_093,Tlaxcala,Calpulalpan,3.71,19.56225,-98.54626,201.0262660980225,53,0.544,0.056,1.49,0.138,0.198,0.194,0.107,0.391
AGC_087,Tlaxcala,Calpulalpan,5.66,19.54869,-98.53886,188.38851356506348,52,0.575,0.044,1.5635,0.1175,0.2309999999999999,0.218,0.095,0.3884999999999999
AGC_086,Tlaxcala,Calpulalpan,4.73,19.58449,-98.53167,201.0262660980225,52,0.4815,0.057,1.244,0.129,0.147,0.109,0.098,0.184
AGC_183,Tlaxcala,Calpulalpan,7.85,19.5746,-98.54983,224.44390964508057,48,0.61,0.064,1.476,0.147,0.227,0.188,0.1085,0.392
AGC_173,Tlaxcala,Calpulalpan,3.6,19.59566,-98.56163,247.86155319213867,53,1.09,0.083,1.481,0.1675,0.331,0.1895,0.125,0.4105
AGC_027,Tlaxcala,Calpulalpan,8.46,19.5621,-98.53765,201.0262660980225,50,1.365,0.0525,1.505,0.1285,0.318,0.197,0.101,0.4085
AGC_061,Tlaxcala,Calpulalpan,7.23,19.53447,-98.61153,250.5939598083496,47,0.914,0.087,1.37,0.142,0.32,0.152,0.115,0.2485
AGC_071,Tlaxcala,Calpulalpan,5.21,19.5593,-98.53351,201.0262660980225,52,0.597,0.074,1.3715000000000002,0.127,0.146,0.1525,0.104,0.31
