feature,shap_importance_media_abs
precip_acum_emergencia_macollamiento_mm,0.6458675459379173
bas_n_obs_ciclo,0.043175554749358656
bas_lai_espigado_llenado,0.01612203116522887
bas_ndti_emergencia_macollamiento,0.014948670323085238
bas_sti_encanado,0.012038856263143632
pro_msavi_emergencia_macollamiento,0.011112499364648469
bas_ndwi_espigado_llenado,0.009282770325894637
bas_fapar_emergencia_macollamiento,0.009279779367294353
bas_ndti_encanado,0.00865538983456867
pro_lai_emergencia_macollamiento,0.008256547919340773
bas_dswi5_emergencia_macollamiento,0.008190156687972166
bas_ndvi_emergencia_macollamiento,0.007593579101946329
bas_evi_encanado,0.0074713285851211045
bas_vi6t_emergencia_macollamiento,0.007290304731015738
pro_n_obs_ciclo,0.006573040644598358
bas_sti_emergencia_macollamiento,0.006300518410623358
bas_savi_espigado_llenado,0.006170483682801906
bas_crc_encanado,0.005015706690299523
bas_dswi5_encanado,0.004969077764443248
bas_dswi2_espigado_llenado,0.004923436261075116
bas_srndi_emergencia_macollamiento,0.004865402210749841
pendiente_grados,0.004845685463461337
bas_vi6t_espigado_llenado,0.004726112150482237
pro_ndvi_emergencia_macollamiento,0.004656762043304546
bas_nddi_espigado_llenado,0.004195995435944251
bas_dswi2_encanado,0.004189396246533264
bas_fapar_espigado_llenado,0.004169147686400345
bas_ndvi_espigado_llenado,0.004160543234925978
bas_mra_encanado,0.004029522488094248
bas_ndwi_encanado,0.0038420677813052334
pro_evi_emergencia_macollamiento,0.0038135514714972476
bas_mcrc_espigado_llenado,0.0037721541083143312
bas_dswi3_encanado,0.003680903620307959
bas_crc_emergencia_macollamiento,0.003479642879296798
bas_evi_emergencia_macollamiento,0.0032257614057754976
bas_ndvi_pico_ciclo,0.0030421960222410155
bas_msi_espigado_llenado,0.0030185932560939325
bas_mcrc_encanado,0.002996327971466938
bas_ndsvi_encanado,0.0028755086319844914
pro_ndvi_encanado,0.002674348310849483
bas_endwi_encanado,0.0025465760263317454
bas_dswi4_emergencia_macollamiento,0.0025378293340876878
bas_evi_espigado_llenado,0.0025095260329200597
bas_vi6t_encanado,0.0024130947085004846
bas_dswi4_espigado_llenado,0.002399160522041743
bas_fapar_encanado,0.002392551012569449
pro_evi_encanado,0.0022908464906254084
bas_msi_encanado,0.002266617895905986
bas_ndti_espigado_llenado,0.002203321051749054
bas_dswi5_espigado_llenado,0.0020903965534327445
bas_emsi_emergencia_macollamiento,0.0020213932661342026
bas_enddi_encanado,0.001967851134946026
bas_crc_espigado_llenado,0.0019362505070805065
bas_emsi_encanado,0.001782103147557966
pro_lai_espigado_llenado,0.0017755790096998093
bas_endwi_emergencia_macollamiento,0.0017654349187954498
bas_enddi_espigado_llenado,0.0017137290813084617
bas_nddi_encanado,0.001703646103931237
bas_dswi2_emergencia_macollamiento,0.0015505628943076222
bas_lai_emergencia_macollamiento,0.0014164460498269497
elevacion_m,0.0013722051610235125
pro_ndvi_pico_ciclo,0.0013593238438207075
bas_ndwi_emergencia_macollamiento,0.0013371422940652833
bas_enddi_emergencia_macollamiento,0.0012573732852343394
bas_savi_encanado,0.0012497094883315825
bas_nddi_emergencia_macollamiento,0.0011765815263769881
bas_mra_emergencia_macollamiento,0.0011117401514933495
bas_dswi3_espigado_llenado,0.0011103592678292824
pro_ndvi_espigado_llenado,0.0010915383873537322
precip_acum_espigado_llenado_mm,0.0010552202553440015
pro_lai_encanado,0.0010035940324552481
bas_savi_emergencia_macollamiento,0.0010000930287878463
bas_srndi_espigado_llenado,0.0009995236108422375
bas_dswi4_encanado,0.0009790853512566342
bas_msi_emergencia_macollamiento,0.0009434465585716247
bas_dswi3_emergencia_macollamiento,0.0009349867474780599
bas_lai_encanado,0.0008893766345079373
gdd_emergencia_macollamiento,0.000856899761718042
bas_srndi_encanado,0.0008436782018724202
bas_endwi_espigado_llenado,0.0007399741895897696
bas_emsi_espigado_llenado,0.0007060360294193303
bas_ndsvi_emergencia_macollamiento,0.0006793230603137579
bas_mcrc_emergencia_macollamiento,0.0006677450013661955
bas_sti_espigado_llenado,0.0006450989137668935
gdd_acumulado_ciclo,0.0006392892575576284
bas_ndvi_encanado,0.0005539205789387634
gdd_espigado_llenado,0.0004344309921561568
pro_evi_espigado_llenado,0.00043389100010572207
pro_msavi_espigado_llenado,0.0004077201741872726
gdd_encanado,0.00035946502375254344
pro_msavi_encanado,0.0003555848902801419
bas_ndsvi_espigado_llenado,0.00027391611824505234
precip_acum_encanado_mm,0.00024718433638451915
tmax_media_ciclo,0.00014879866789327897
tmin_media_ciclo,0.00013959641016297712
bas_mra_espigado_llenado,7.16848718539695e-05
precip_acum_ciclo_mm,0.0
