ID_POLIGONO,Estado,Municipio,rendimiento_t_ha,ic90_inferior,ic90_superior
AGC_174,Hidalgo,Cuautepec de Hinojosa,4.35,3.0,5.53
AGC_149,Hidalgo,Cuautepec de Hinojosa,4.48,3.32,5.55
AGC_052,Hidalgo,Cuautepec de Hinojosa,4.44,3.35,5.56
AGC_130,Hidalgo,Cuautepec de Hinojosa,4.42,3.07,5.48
AGC_107,Hidalgo,Almoloya,4.53,3.51,5.59
AGC_065,Hidalgo,Almoloya,4.48,2.96,5.52
AGC_082,Hidalgo,Almoloya,4.38,2.88,5.5
AGC_128,Hidalgo,Almoloya,4.45,3.36,5.57
AGC_003,Hidalgo,Singuilucan,3.17,2.01,4.24
AGC_129,Hidalgo,Singuilucan,3.23,2.08,4.41
AGC_113,Hidalgo,Singuilucan,3.23,1.88,4.3
AGC_042,Hidalgo,Singuilucan,3.13,2.13,4.31
AGC_030,Hidalgo,Singuilucan,2.91,1.88,4.04
AGC_156,Hidalgo,Singuilucan,3.11,1.95,4.19
AGC_118,Hidalgo,Singuilucan,3.07,1.91,4.1
AGC_190,Puebla,Chignahuapan,4.35,3.34,5.48
AGC_091,Puebla,Chignahuapan,4.69,3.34,5.76
AGC_191,Puebla,Chignahuapan,4.71,3.62,5.84
AGC_085,Puebla,Chignahuapan,4.26,3.23,5.33
AGC_188,Puebla,Chignahuapan,4.43,3.08,5.5
AGC_126,Puebla,Chignahuapan,4.65,3.29,5.77
AGC_043,Puebla,Chignahuapan,4.44,2.92,5.57
AGC_153,Puebla,Chignahuapan,4.23,3.19,5.36
AGC_036,Puebla,Chignahuapan,4.4,3.23,5.44
AGC_177,Puebla,Chignahuapan,4.35,3.35,5.53
AGC_182,Puebla,Chignahuapan,4.5,3.0,5.63
AGC_186,Puebla,Chignahuapan,4.48,3.33,5.61
AGC_143,Puebla,Chignahuapan,4.49,3.4,5.62
AGC_136,Puebla,Chignahuapan,4.37,3.35,5.44
AGC_116,Puebla,Chignahuapan,4.37,3.28,5.5
AGC_142,Puebla,Chignahuapan,4.65,3.74,5.77
AGC_028,Puebla,Chignahuapan,4.67,3.52,5.8
AGC_031,Puebla,Chignahuapan,4.51,3.49,5.57
AGC_063,Puebla,Chignahuapan,4.48,3.47,5.5
AGC_088,Puebla,Chignahuapan,4.33,3.32,5.4
AGC_095,Puebla,Chignahuapan,4.4,3.31,5.52
AGC_192,Puebla,Chignahuapan,4.83,3.47,5.89
AGC_158,Puebla,Chignahuapan,4.44,3.41,5.56
AGC_011,Puebla,Chignahuapan,4.52,3.51,5.6
AGC_076,Puebla,Chignahuapan,4.48,3.32,5.61
AGC_094,Puebla,Chignahuapan,4.51,3.42,5.59
AGC_175,Puebla,Chignahuapan,4.37,3.28,5.49
AGC_154,Puebla,Chignahuapan,4.53,3.5,5.6
AGC_016,Puebla,Chignahuapan,4.38,3.23,5.5
AGC_025,Tlaxcala,Calpulalpan,3.0,2.0,4.08
AGC_050,Tlaxcala,Calpulalpan,2.97,1.88,4.1
AGC_039,Tlaxcala,Calpulalpan,3.12,2.11,4.18
AGC_120,Tlaxcala,Nanacamilpa de Mariano Arista,3.17,2.01,4.23
AGC_029,Tlaxcala,Calpulalpan,3.08,2.05,4.2
AGC_147,Tlaxcala,Calpulalpan,3.14,2.05,4.27
AGC_075,Tlaxcala,Calpulalpan,3.1,2.07,4.22
AGC_093,Tlaxcala,Calpulalpan,3.15,2.12,4.33
AGC_087,Tlaxcala,Calpulalpan,2.85,1.82,3.98
AGC_086,Tlaxcala,Calpulalpan,3.07,1.98,4.14
AGC_183,Tlaxcala,Calpulalpan,2.87,1.71,3.92
AGC_173,Tlaxcala,Calpulalpan,3.07,2.04,4.1
AGC_027,Tlaxcala,Calpulalpan,3.17,2.15,4.22
AGC_061,Tlaxcala,Calpulalpan,3.04,1.96,4.11
AGC_071,Tlaxcala,Calpulalpan,3.11,1.95,4.17
