ID_POLIGONO,precip_acum_emergencia_macollamiento_mm,bas_n_obs_ciclo,bas_lai_espigado_llenado,bas_ndti_emergencia_macollamiento,bas_sti_encanado,pro_msavi_emergencia_macollamiento,bas_ndwi_espigado_llenado,bas_fapar_emergencia_macollamiento,bas_ndti_encanado,pro_lai_emergencia_macollamiento,bas_dswi5_emergencia_macollamiento,bas_ndvi_emergencia_macollamiento,bas_evi_encanado,bas_vi6t_emergencia_macollamiento,pro_n_obs_ciclo,base_value
AGC_174,0.47198250679067427,0.04143896455542534,-0.02524317120405512,0.0008693086086985645,-0.015152237523051944,-0.02928104915284952,0.019073419741934154,-0.012738439332646227,-0.014746677947890254,-0.013702659226644438,-0.012220270883624406,-0.004312402525499609,-0.020451708834213322,0.000634681002614152,0.010122074045816134,3.9586466183574878
AGC_149,0.5020364329857684,0.03611181927935637,0.028515922703580852,-0.038036019768036236,-0.01560196969978813,-0.020289089817125308,-0.014055074348380188,0.03209400509550766,-0.011973428260998136,-0.01958241227920258,-0.021111515523638633,0.0008343972433205657,-0.010935711571653428,0.011778554193007572,0.010450612059710668,3.9586466183574878
AGC_052,0.4996858463983474,0.03154526440019226,0.02795584323743945,-0.030461680977830877,-0.015454076785731925,0.02253955404003011,-0.014941951343438923,0.032122838824744,-0.012193844785847266,-0.030633056669461194,-0.019184526508868056,0.0015488688068553023,-0.025303988346734186,0.00851859267394529,0.010394734473486995,3.9586466183574878
AGC_130,0.5198873662857982,0.035763462088856494,-0.021087730707147066,0.003145678240031965,-0.020478960220701028,-0.026574099180000886,-0.01454410725302101,-0.01774258822738187,-0.022063379756824923,-0.02374353735630922,-0.018395681719841808,-0.024906738258784148,-0.019797935691558098,0.010046202075865405,0.00925405450729126,3.9586466183574878
AGC_107,0.5146206214164188,0.040430040966508776,0.017427026815832268,-0.009318164565281862,-0.023776045451557277,0.047037904316723216,-0.017783027493165595,-0.011668113397023429,-0.010675378256004427,0.03237363296951104,-0.008794397337953013,0.01857203759550531,-0.006399078043004125,0.002600747222242891,0.0018206609975438652,3.9586466183574878
AGC_065,0.493587893749006,0.030864364823074485,0.017475483876042988,0.002161384565246396,-0.030430153775495215,0.035494836214445366,-0.017181252205161437,0.030524728464313394,-0.01458902021268064,0.03356474942604315,-0.01498531571858199,0.02336868364762165,-0.013920192498817758,0.007652493350945054,0.010600606461048984,3.9586466183574878
AGC_082,0.5553704131795033,0.03675346213378308,-0.016062935730714174,0.0005189719014824031,-0.019452256935220593,-0.030814846082455685,-0.024323686188422452,0.012609647631985174,-0.013125110132848663,-0.032194466449827305,-0.02419643474852723,-0.005574398219000809,-0.015029626151521177,0.009675766688506926,0.0007518791248845836,3.9586466183574878
AGC_128,0.49598705384723163,0.040919411703389176,0.023236114522742497,-0.035588038723369006,-0.02355076173423407,-0.018338071852777103,-0.010865673558954847,-0.011049182857281292,-0.011510339929244178,0.02388222952647101,-0.010440658210018237,-0.0021243965702905944,-0.014151251444776474,0.005606943090463839,0.004922638954756983,3.9586466183574878
AGC_003,-0.7958059409325059,-0.12838613256775808,0.10229143962195418,-0.04323682776927843,-0.0014853509546278293,0.018719486539745228,-0.027350484442780567,0.02289098624092639,-0.0028856387818287383,0.018863344997357857,-0.005704468718186428,0.003876152868904707,0.012119155840229502,0.0008897443645365741,0.021393084689409158,3.9586466183574878
AGC_129,-0.7577886737462647,-0.12762825582587203,0.10565119941705402,-0.0689185766207436,-0.007053356025753829,-0.005636416496403166,-0.016078853388924542,0.02311742839925778,-0.005746865267205159,0.013842139616194675,0.0371208345889278,-0.00361651403204149,0.0032678948101782603,-0.00048725373874949603,0.021402026427317544,3.9586466183574878
AGC_113,-0.9151884607687738,0.0063101363520735336,0.10822613890776416,0.02931799482906251,0.028098840044168263,-0.020293706073501314,-0.021266258402705303,0.024322981284297444,0.014565299571432386,-0.009068818350422354,0.03381611371836315,-0.004651476710899138,0.023961406284373266,-0.003912422813823551,0.02218362792763617,3.9586466183574878
AGC_042,-0.8621387232557572,0.0069651900381072955,0.11015677724165979,-0.05825556937180431,-0.006960390999178537,-0.003706863316223885,-0.02749947630639861,0.01848065057935883,-0.006318582859760377,0.01103902163372172,-0.015241554514788546,-0.0021644528542459894,0.0034222246263773174,-0.0013857348128436663,0.01456123913832261,3.9586466183574878
AGC_030,-0.9431587511914743,-0.1289297569928049,-0.10641805284312007,-0.055179036967497964,0.023199462186254415,0.019593653133059302,-0.09224492549968884,0.01776095215593728,0.015311785236841175,0.0182812803135708,-0.010148088770875044,0.0019014955944451953,0.021288994960001917,0.0052722450416587616,0.017030639804543755,3.9586466183574878
AGC_156,-0.7673662216522608,-0.13102144810348554,0.1069442357700292,-0.07632253701494787,0.02145988265389364,-0.01724127335935601,-0.016450973770977977,-0.010291125960465634,0.010731074783802277,-0.009579065841812128,-0.015939186273095575,-0.003976855846638982,0.0221574074697525,-0.002735961766467022,0.01934652532005639,3.9586466183574878
AGC_118,-0.6933681169707626,-0.15578596860855098,-0.1064882958034106,-0.04734591412467352,0.0012995706421122892,0.024240670774696195,-0.08706178263782313,-0.00820476591495032,0.012354042147057051,-0.008603762823933579,-0.011608697690673547,0.0006205178562041989,0.022997401806185078,-0.01774623622460316,0.010691264305255672,3.9586466183574878
AGC_190,0.4672481719227383,0.03172243926829936,0.02896579299920691,-0.006619153044251224,-0.017325093872591436,-0.025936392647206482,-0.011558789391469646,-0.008121657894519251,-0.0131451774417566,-0.023724865753018916,-0.01864075226410563,-0.01543428814728241,-0.020805886583848358,-0.0200093237363467,0.009340897717832291,3.9586466183574878
AGC_091,0.5761939263719679,0.04233575311681472,0.019677161483391065,-0.022232118504220445,0.06566509620388294,0.03532709446314716,-0.020813743786238334,0.04766554014550569,0.03509803323219696,0.014534374016482795,0.08329418965167472,0.02074647859638336,-0.02567569230176747,0.006722399670363178,0.00027258221135764975,3.9586466183574878
AGC_191,0.6146082514158938,0.03187832236512992,-0.015777694026548605,0.049679453153655795,-0.008608174236819236,0.03393083047834888,-0.023890495502968158,0.037236395984851095,-0.007361122458194295,0.02804933068977811,0.07164329042404002,0.01921417793329975,-0.016362165465900233,0.006527367950696413,-0.0022550603014097415,3.9586466183574878
AGC_085,0.46699570306109706,0.03295936700142405,-0.027848668826554235,-0.016299247395152566,-0.010520357967146659,-0.023837499345553504,0.013703485651967023,-0.008569712108813658,-0.013273210845479813,-0.022882075445463057,-0.019277353427361414,-0.020214221776010222,-0.02372998831169816,-0.02238561746679404,0.0029232826725636724,3.9586466183574878
AGC_188,0.5204562640944541,0.033579805520245025,-0.026353160838743693,-0.0009555232888428546,-0.020052619617371023,0.025643041468855446,0.02391294230836274,0.0211776971744663,-0.021351012198247844,-0.028657825896620255,-0.021213429284704245,-0.001255090342470755,-0.032395729297091884,-0.028252354673381355,0.0015642435352529731,3.9586466183574878
AGC_126,0.5851602612955805,0.030058466028312716,-0.02500505293743653,0.021506655282245633,0.08727091743995401,-0.018240568777643636,-0.019944367227234878,-0.010040543283077458,0.054253192128082314,-0.012721402077466845,-0.018782868245119263,-0.01662497929979655,0.06583777690340277,-0.012106357275020707,0.01092845299447797,3.9586466183574878
AGC_043,0.48173889891614247,0.012556805372067359,-0.02402059731200061,-0.014249556715586444,-0.01668022877395714,0.03177856014404343,0.020826747677060678,-0.010370544903536059,-0.011674123270779458,0.020075122886826034,-0.011048288902227244,-0.001886764845602753,-0.015748619844442657,0.012395283696149676,0.00449388325513219,3.9586466183574878
AGC_153,0.46303959558935126,0.012277671099591785,-0.013775149416439153,-0.014625064539948999,-0.01800150951598752,-0.026742032364389885,0.021028621116441135,-0.020265351098155308,-0.013448855444978312,-0.023439484839904535,-0.015796688266242895,-0.025941470526575614,-0.02976136848368942,0.007532042531789493,0.004009207763874552,3.9586466183574878
AGC_036,0.5119404497151299,0.03707496148820391,-0.007100448292545542,0.002519848114892039,-0.016969021416690388,-0.02613271692438201,-0.016974484144260855,-0.0068659091079228685,-0.012717868464643583,-0.019869500978898502,-0.009798079856438303,-0.003545672356456921,-0.019594778931595128,0.009438102748373079,0.004788909748672641,3.9586466183574878
AGC_177,0.46839210206368764,0.036461014046235515,0.02757321102192663,-0.01558170161495527,-0.014522843873773842,-0.021979722673982554,-0.01191190273489125,-0.005341712774789833,-0.012489364262435939,-0.01656579190931341,-0.010891714894557659,-0.01793938281040699,-0.017835890703147162,0.007169267267130259,0.004335849535196764,3.9586466183574878
AGC_182,0.5440210023200158,0.04144970891634796,-0.01021267427683488,-0.020136539149447064,-0.020771050400403588,-0.023881685636494464,0.023639814587678363,0.04124058437187976,-0.021091036058059245,-0.022732557209593926,0.0914844937321404,-0.001907906777861123,-0.017531258527993882,0.010667829528764185,0.008692338090347156,3.9586466183574878
AGC_186,0.5497118177946309,0.035553313619716365,-0.03772822551211655,0.0059543217668813425,-0.013470127706062558,0.048767553639292485,-0.01156852970920135,-0.012292182587554072,-0.010923827438337022,0.029472549410387124,-0.008222187543387547,-0.005393688575173641,-0.013929634241641422,0.011176915269463775,0.005557097216269677,3.9586466183574878
AGC_143,0.4704166896016888,0.03576711427838426,0.017216164335474307,0.004059868912883814,-0.01591507239952266,0.033008450644741213,0.016629840682665625,-0.00920288516667378,-0.01636560169912319,0.019652053930176605,-0.009248734369340194,-0.0019975431926479974,-0.011803510321347513,-0.00014317068357786348,0.004960295146896183,3.9586466183574878
AGC_136,0.473502790845259,0.03506540330987289,0.024252470149699792,-0.0027363438265329706,-0.014382387730634875,-0.021407644462828997,-0.010319067674070067,-0.01011875307349909,-0.012214763858660783,-0.03207996034804451,-0.00999809115521347,-0.0016242825269570749,-0.017068600699067297,0.00637683149231756,0.005148952942759783,3.9586466183574878
AGC_116,0.52358961409753,0.013106707697717974,-0.037826993479282436,-0.0033704680121564167,-0.01752432159014266,-0.018535120879418755,-0.0205465604383604,-0.009757208860599892,-0.011808604186270359,0.02341726614411453,-0.010181367859171217,-0.0014557349193062253,-0.022492491307241038,0.010239687880155605,0.0045748248599457395,3.9586466183574878
AGC_142,0.5366183152708043,0.03241593041490625,-0.02582218340671618,0.0021825602281960958,-0.02189253048003207,-0.020979854954204923,0.024470325510621508,0.0399204918341348,-0.021741722972416302,-0.01983132929542533,0.09123880923884589,0.0006135366057491827,-0.02972134394149801,-0.020896675247137307,-0.0019959836192755625,3.9586466183574878
AGC_028,0.5548212728278162,0.028992149417869584,-0.024116978026832648,-0.004186621506833823,0.003902833931747927,0.033481977797266846,0.017079031653360003,0.04726239237332211,0.00768356103021361,0.01677222740738085,0.08929926470677363,0.025448791154034957,-0.03354266301471701,0.008212045192179737,-0.001246296072145245,3.9586466183574878
AGC_031,0.5392555192299128,0.03852461048676001,0.021058163843379555,-0.004772381090209115,-0.01169508552541914,0.0295569636273845,-0.020404343008333145,0.036411375810310516,-0.008719775065941487,0.018912854071272932,0.08458574584727979,0.01769685906193802,-0.0073550335131523405,0.0093727726015873,-0.0020432178927156522,3.9586466183574878
AGC_063,0.4896103659329646,0.02727693935456667,-0.023322613088047013,-0.0001757707760047714,-0.01616672571203976,0.0436973985799067,0.018213647950719634,-0.010364667211946862,-0.018016449964362836,0.019973903749104138,-0.009251000869655869,-0.0017646900118341664,-0.02897347361134036,0.010456880964652124,0.004256497355443169,3.9586466183574878
AGC_088,0.4568315849179506,0.031155511253203663,0.029307051713348575,-0.015473851718057074,-0.015849021410963296,-0.024028864771108018,-0.011924786136996995,-0.0077862747494980376,-0.012840194193993881,-0.023240281245895146,-0.01900246323114086,-0.014997304242354733,-0.02003335847357608,-0.019854595685033304,0.009494039479357005,3.9586466183574878
AGC_095,0.4689619911230244,0.030264940964222758,-0.013810571622653417,0.006392100152251198,-0.006627767195090626,-0.025343712313229454,0.012813490743835962,-0.015944090095323972,-0.009771577902081557,-0.026884823778889847,-0.016630650357910524,-0.0016171522889996688,-0.029504597016936075,0.00954390222063695,0.004352648791650705,3.9586466183574878
AGC_192,0.6366576223916033,0.04031331184442116,-0.01671219385484893,-0.04613148676725375,0.07602987319853029,0.019532356191237468,-0.02974654545078555,0.04459723624585641,0.05447448748570399,0.018603128082581216,-0.022166627088918426,0.018260892641565257,0.014126734098672024,0.006224589388044997,0.006146465439760225,3.9586466183574878
AGC_158,0.515137268176492,0.01458096012526961,-0.020501672289632962,-0.004807936768883619,-0.001557463076378757,-0.023572844535865636,0.024553210202622903,-0.01120805381074106,-0.006468799595723799,0.008872116754249636,-0.013524160767497006,-0.0032004673670827126,0.044991221326859905,-0.008634835880204875,0.0023272055978887257,3.9586466183574878
AGC_011,0.5022500642698763,0.039594456062572156,0.026451834803244652,0.0030023284015234246,-0.01226255890922312,0.046337466750309135,-0.012740484001643664,-0.010905615737742284,-0.010453954082929666,0.021656676968586825,-0.009343250383208249,-0.004637470035182503,-0.011279102453248918,0.012283223089821797,0.00943295517555096,3.9586466183574878
AGC_076,0.5276323140466053,0.028304476791956443,-0.027118264834959372,0.002592273964567235,-0.009931029432451128,0.040387155274899986,0.017290236013376013,-0.013667520850186805,-0.007977734670617125,0.02086671996694098,-0.013411839666805083,-0.0022410954358041443,-0.01213092127241304,0.009431357129507616,0.008721825421204563,3.9586466183574878
AGC_094,0.5290615911020392,0.037972297398506175,-0.018546857743455065,-0.03661462764886462,-0.0026940682394206556,-0.02253054329433269,0.02199968692161211,-0.011116368693858108,-0.005635124655292546,-0.008280476861618837,-0.012205507314727793,-0.00233044635217921,0.027791835641201544,0.009742210801991799,0.009740076728801636,3.9586466183574878
AGC_175,0.5037277722914972,0.034470458051139484,-0.026202187382030857,0.0020097232325190645,-0.013523529371454032,-0.024548950845147577,0.020353280807217194,-0.015896921803754984,-0.016398818664618446,-0.021171253606505746,-0.019992493356977958,-0.006842864798817841,-0.031085489588450095,-0.02364529133037426,0.002629741357851189,3.9586466183574878
AGC_154,0.489158387890829,0.03234367632387334,0.014208379965370865,0.001405115333001229,-0.011500004251637094,0.05056210214600593,-0.015665247960421746,-0.011690775671626834,-0.010416376459047997,0.03286042608658153,-0.007122677938188622,0.01791158254347893,-0.009977079429184727,0.008691308057774235,0.004546793772282527,3.9586466183574878
AGC_016,0.46045404534399464,0.03381528245204655,0.02665970558075872,-0.004607899798569387,-0.015214652219198519,-0.027227878475754707,-0.010326299157391979,-0.0123026624765269,-0.010645178963906614,0.014345324735606213,-0.014283064495132483,-0.0013516587328762507,-0.015061089305545382,-0.004427343260886489,0.00585782860720741,3.9586466183574878
AGC_025,-0.9860120247500044,0.0186535160276171,-0.048484669356927926,-0.08064167653670017,0.02827989196012332,-0.004437848671881837,0.08297976751246229,-0.009843552896463792,0.01951390423069555,0.015958191661873258,-0.010408873584429428,0.00048079945896775667,0.019594742374573156,-9.52794787276983e-05,-0.03670908803725245,3.9586466183574878
AGC_050,-0.839074849964023,-0.12248430399843575,0.09645184250130942,-0.07707054650405748,-0.0030253222660387123,0.020124688928784173,-0.01552047851538947,-0.010899176604826685,-0.0023480224096948843,-0.009845858401057409,-0.011352005861883433,-0.0037579657837962153,-0.009762791545138696,-0.008769701006979082,0.010812452278753456,3.9586466183574878
AGC_039,-0.8883259050540032,0.017399654901764167,0.10368943862849755,0.037037948952520224,-0.0031373795336169614,0.0010872283120255824,-0.020574991460214128,-0.008536130970064467,-0.0029635189266522437,-0.00967099887705964,-0.013154009673211987,-0.0036770519909788864,-0.012631467758980811,-0.006821521267573498,0.018611758084020255,3.9586466183574878
AGC_120,-0.9127639470687618,0.006073527750103469,0.10693914994662307,-0.06173130854553156,-0.005918932057945002,0.016981851488492947,-0.017109360887957916,0.02311028156030694,-0.005703123296835071,0.02107733031544164,0.0340350086504001,0.003497436088553859,-0.009606006656140404,0.002999972523054401,0.011259281138595905,3.9586466183574878
AGC_029,-0.7764888416019273,-0.12598472867039226,-0.052955928640666304,0.044072466340516314,0.02926898838205722,-0.02049225023685373,0.08620418882209338,-0.006884783622520714,0.023732263905979968,-0.010552088772813118,-0.010448413490639016,-0.011220297335812856,0.032315413226639056,0.013513360360472905,0.022149762080777145,3.9586466183574878
AGC_147,-0.877866977639354,0.005857430912632178,0.1025586599585309,0.030050392550189223,-0.006594643452921223,-0.001385306059944108,-0.021087394684791833,-0.00925287819046975,-0.006150457385617314,-0.006177988850789345,-0.014491080188574588,-0.00721053389794015,-0.014793977396389275,-0.005906413538299256,0.01818229205978698,3.9586466183574878
AGC_075,-0.848246779340955,0.01600086838995998,-0.049812805226352064,0.0228962194630175,-0.010195413480270962,-0.005261889321129793,0.08052831873862615,-0.006765704852786972,-0.011540999098293057,0.009474900233890622,-0.006642523600172447,-0.0009465185551205955,-0.01621114662868089,7.229759672626945e-05,-0.03853494646119298,3.9586466183574878
AGC_093,-0.8433862669023894,0.017502971642150887,-0.06733943015770705,0.02993174307016029,-0.004857022676984104,-0.0023981141670032053,0.0592030074378517,-0.0042894544060949735,-0.005146294216493867,0.009275320733286511,-0.004693361808114938,0.0014092732408139607,-0.016773385385392806,0.0050188626451795094,0.002800123021560799,3.9586466183574878
AGC_087,-0.9378719908976079,0.015487491401310288,-0.12415566259919075,0.02659903068707809,-0.008365008920632792,-0.017646667857630367,-0.09629706164265073,-0.007737289614883257,-0.008702865900415852,-0.011841492548025384,-0.00908849884410906,-0.010329215811543387,-0.01616832931410261,0.009375927122258603,-0.03327602150857973,3.9586466183574878
AGC_086,-0.929162768488941,0.015230102653783476,-0.046117793276646064,0.030247203112355677,0.03158128323849535,-0.014194048391900353,0.08463640153623493,-0.005630252032362272,0.02594454130989362,-0.005309460491133648,-0.0075289203954347975,-0.011901996825309537,0.02997926036495461,-0.0009463342924315814,-0.049934895597095,3.9586466183574878
AGC_183,-0.9529203652527125,0.00587197189722147,-0.10999116331038616,0.027342584245842697,-0.003841977338929113,-0.0021886571135404116,-0.08832688290644564,0.01048119807650217,-0.003876481980852614,0.014980860337892256,-0.012214602973683045,0.0015199731664304068,-0.01535621536263783,0.0012314683057538952,-0.04464027381988983,3.9586466183574878
AGC_173,-0.9728948358341087,0.015810718857265593,0.08482160262213786,-0.056135200527998315,-0.003948885269662571,0.019516558034616334,-0.01646188528575114,-0.00780318379901477,-0.0036921869741054322,0.023526867510768906,-0.006515395030409231,-0.0036802764589362893,-0.008587598248697516,0.003135282596484142,-0.04173181179816392,3.9586466183574878
AGC_027,-0.8032658934030955,0.014685671489771311,0.10441361321818932,0.021583593329689933,-0.005557195891129731,-0.008198970866526368,-0.01726576980512723,-0.008240292451475761,-0.006884028103413915,-0.007230204993623722,-0.006305016845996037,-0.009361268955957031,-0.012084380704107747,0.00944118240423149,-0.06166109048923054,3.9586466183574878
AGC_061,-0.9113693449551183,-0.11694076478228851,0.09398364021051649,-0.06313971273688367,-0.0005782647817956142,0.018355325993805495,-0.01818431429860461,0.017788272395180358,0.00899561621882857,-0.009566918350358907,0.03837226432637761,-0.0027611220825394475,0.005382005590026195,-0.01673641452066545,0.008906723769909608,3.9586466183574878
AGC_071,-0.8634702254838615,0.01577100295679443,-0.05786589275377586,0.03709072519597749,0.0009759146919467159,-0.0025840339745474778,0.07998564583236625,-0.005766430680982796,0.008593390618396255,-0.007325857251897357,-0.006387687634286791,-0.01116836607826856,-0.01601516143477396,0.007164546693914634,-0.042396908229772705,3.9586466183574878
